,,Coupon_id,auc
0,0,1,
1,0,2,1.0
2,0,3,
3,0,6,
4,0,9,
5,0,10,1.0
6,0,11,
7,0,12,
8,0,16,
9,0,22,
10,0,24,
11,0,25,0.0
12,0,32,
13,0,33,0.88
14,0,35,0.30000000000000004
15,0,36,
16,0,40,
17,0,43,1.0
18,0,47,
19,0,48,
20,0,57,1.0
21,0,60,
22,0,66,0.967741935483871
23,0,70,
24,0,73,
25,0,75,
26,0,89,
27,0,92,
28,0,93,
29,0,94,0.7484472049689441
30,0,98,0.9757575757575757
31,0,100,
32,0,103,
33,0,107,0.8571428571428572
34,0,112,0.9545454545454545
35,0,115,1.0
36,0,117,1.0
37,0,119,
38,0,120,1.0
39,0,121,1.0
40,0,123,
41,0,125,
42,0,128,
43,0,130,
44,0,131,0.7532051282051282
45,0,132,
46,0,133,
47,0,137,
48,0,138,
49,0,142,1.0
50,0,148,0.6666666666666667
51,0,153,1.0
52,0,164,0.851063829787234
53,0,166,
54,0,174,
55,0,176,0.5
56,0,179,0.71875
57,0,181,
58,0,184,0.8800000000000001
59,0,185,0.0
60,0,189,
61,0,191,
62,0,194,
63,0,196,
64,0,209,
65,0,211,0.7781818181818182
66,0,216,0.5833333333333333
67,0,219,
68,0,220,
69,0,225,0.0
70,0,229,1.0
71,0,237,0.0
72,0,241,
73,0,242,
74,0,243,0.43589743589743585
75,0,244,0.6770833333333334
76,0,245,0.8333333333333334
77,0,247,
78,0,252,0.8571428571428571
79,0,254,
80,0,256,0.875
81,0,260,
82,0,261,
83,0,264,
84,0,269,1.0
85,0,270,
86,0,271,
87,0,275,
88,0,280,
89,0,282,0.8333333333333333
90,0,283,
91,0,284,
92,0,287,
93,0,298,
94,0,299,0.8333333333333334
95,0,301,0.8214285714285714
96,0,306,1.0
97,0,313,0.308080808080808
98,0,314,0.4285714285714286
99,0,319,0.6875
100,0,321,
101,0,324,0.16666666666666663
102,0,325,
103,0,326,
104,0,337,0.9285714285714285
105,0,339,
106,0,342,1.0
107,0,344,0.7777777777777779
108,0,345,
109,0,346,0.0
110,0,353,
111,0,356,0.9814814814814814
112,0,358,0.8164861612515043
113,0,361,1.0
114,0,370,
115,0,371,1.0
116,0,378,
117,0,379,
118,0,380,0.5178571428571429
119,0,381,
120,0,382,0.75
121,0,383,
122,0,384,1.0
123,0,386,
124,0,387,0.967032967032967
125,0,400,
126,0,401,1.0
127,0,403,1.0
128,0,405,1.0
129,0,406,
130,0,408,
131,0,413,0.0
132,0,417,0.7142857142857143
133,0,418,0.5
134,0,420,
135,0,421,
136,0,423,0.7788461538461539
137,0,426,
138,0,427,1.0
139,0,428,1.0
140,0,430,0.6363636363636364
141,0,432,1.0
142,0,433,0.6666666666666667
143,0,435,
144,0,437,
145,0,438,
146,0,439,
147,0,441,1.0
148,0,442,1.0
149,0,445,
150,0,446,0.7717864923747277
151,0,450,0.9230769230769231
152,0,457,0.5757575757575758
153,0,459,0.6666666666666667
154,0,460,0.7553191489361702
155,0,463,1.0
156,0,465,
157,0,467,
158,0,468,
159,0,471,1.0
160,0,473,0.5277777777777777
161,0,474,
162,0,477,
163,0,481,0.5454545454545454
164,0,485,0.5
165,0,492,
166,0,495,
167,0,499,
168,0,500,
169,0,501,
170,0,503,
171,0,506,
172,0,513,0.703125
173,0,514,
174,0,519,0.5
175,0,521,
176,0,523,
177,0,524,0.8888888888888888
178,0,528,1.0
179,0,530,
180,0,532,
181,0,542,0.6571428571428571
182,0,543,
183,0,544,
184,0,546,
185,0,549,
186,0,552,
187,0,554,
188,0,555,1.0
189,0,557,0.6611607142857142
190,0,561,1.0
191,0,562,
192,0,563,0.24137931034482762
193,0,565,
194,0,567,0.9285714285714286
195,0,570,
196,0,582,
197,0,585,
198,0,586,0.7142857142857143
199,0,588,
200,0,589,
201,0,590,
202,0,592,
203,0,598,
204,0,601,0.7857142857142857
205,0,602,
206,0,606,
207,0,608,
208,0,609,1.0
209,0,611,
210,0,617,
211,0,619,0.4285714285714286
212,0,621,
213,0,624,1.0
214,0,630,1.0
215,0,631,
216,0,633,0.5972222222222222
217,0,634,
218,0,636,1.0
219,0,637,0.8718750000000001
220,0,643,
221,0,650,
222,0,654,0.0
223,0,657,0.4782608695652174
224,0,658,
225,0,661,
226,0,665,0.25
227,0,666,0.75
228,0,667,0.8524590163934427
229,0,672,
230,0,673,
231,0,676,
232,0,677,0.22222222222222224
233,0,678,0.33333333333333337
234,0,679,
235,0,680,0.19999999999999996
236,0,681,1.0
237,0,685,
238,0,688,
239,0,692,1.0
240,0,696,
241,0,697,
242,0,702,
243,0,712,
244,0,713,
245,0,718,0.8870967741935484
246,0,727,0.0
247,0,728,
248,0,732,0.7142857142857142
249,0,735,0.0
250,0,736,
251,0,737,
252,0,738,
253,0,740,
254,0,743,
255,0,745,
256,0,747,0.8461538461538461
257,0,748,
258,0,751,1.0
259,0,753,0.9416666666666667
260,0,754,
261,0,755,
262,0,756,
263,0,759,
264,0,760,
265,0,765,1.0
266,0,768,
267,0,771,
268,0,774,
269,0,780,1.0
270,0,783,
271,0,784,1.0
272,0,793,
273,0,794,1.0
274,0,796,
275,0,798,
276,0,799,0.09999999999999998
277,0,800,
278,0,801,
279,0,803,
280,0,808,0.8525
281,0,810,
282,0,812,0.0
283,0,813,
284,0,816,
285,0,820,1.0
286,0,823,
287,0,826,
288,0,830,
289,0,832,
290,0,835,
291,0,841,1.0
292,0,843,
293,0,845,
294,0,846,
295,0,847,0.5714285714285714
296,0,852,
297,0,863,0.25
298,0,869,
299,0,871,0.8592644978783592
300,0,873,
301,0,875,
302,0,876,0.95
303,0,882,
304,0,886,
305,0,887,
306,0,889,
307,0,891,1.0
308,0,906,
309,0,908,0.8241758241758242
310,0,909,1.0
311,0,919,
312,0,924,1.0
313,0,928,
314,0,929,0.5
315,0,931,0.0
316,0,934,1.0
317,0,936,
318,0,938,1.0
319,0,939,
320,0,942,0.5
321,0,944,0.8431372549019608
322,0,947,
323,0,949,
324,0,951,
325,0,952,
326,0,953,
327,0,957,
328,0,960,
329,0,962,
330,0,963,
331,0,966,
332,0,968,0.33333333333333337
333,0,972,
334,0,977,
335,0,978,0.8883333333333333
336,0,980,1.0
337,0,982,
338,0,987,1.0
339,0,989,0.33333333333333337
340,0,990,
341,0,993,
342,0,995,1.0
343,0,1002,1.0
344,0,1005,
345,0,1006,0.8857142857142857
346,0,1015,0.8206751054852321
347,0,1016,1.0
348,0,1018,
349,0,1019,0.5
350,0,1020,0.26666666666666666
351,0,1022,
352,0,1024,0.9411764705882353
353,0,1025,
354,0,1029,0.5714285714285714
355,0,1030,
356,0,1033,
357,0,1036,
358,0,1038,
359,0,1040,
360,0,1043,
361,0,1044,1.0
362,0,1045,
363,0,1052,
364,0,1056,1.0
365,0,1058,
366,0,1060,1.0
367,0,1061,
368,0,1063,0.35
369,0,1064,
370,0,1068,0.7788600288600289
371,0,1071,
372,0,1072,
373,0,1075,
374,0,1078,
375,0,1082,
376,0,1083,
377,0,1084,0.0
378,0,1085,1.0
379,0,1086,
380,0,1087,0.4375
381,0,1088,
382,0,1090,
383,0,1091,0.8703703703703703
384,0,1094,
385,0,1096,0.9469387755102041
386,0,1101,
387,0,1102,
388,0,1103,
389,0,1106,
390,0,1108,0.8
391,0,1109,0.3
392,0,1111,
393,0,1112,
394,0,1113,
395,0,1114,0.49259259259259264
396,0,1127,1.0
397,0,1128,
398,0,1130,
399,0,1131,0.42857142857142855
400,0,1139,
401,0,1140,
402,0,1142,0.33333333333333337
403,0,1143,0.6666666666666666
404,0,1145,0.33333333333333337
405,0,1146,
406,0,1147,1.0
407,0,1150,1.0
408,0,1151,
409,0,1154,0.0
410,0,1159,
411,0,1160,
412,0,1162,1.0
413,0,1163,
414,0,1165,
415,0,1166,
416,0,1168,
417,0,1177,
418,0,1179,0.36549707602339176
419,0,1185,0.9
420,0,1188,
421,0,1195,1.0
422,0,1196,
423,0,1201,0.9166666666666667
424,0,1203,
425,0,1204,0.0
426,0,1216,0.8301886792452831
427,0,1219,0.6434108527131783
428,0,1222,0.6434108527131782
429,0,1225,0.8119834710743803
430,0,1227,0.0
431,0,1228,
432,0,1229,0.7526881720430108
433,0,1230,
434,0,1235,
435,0,1236,
436,0,1238,1.0
437,0,1246,
438,0,1249,
439,0,1251,
440,0,1253,
441,0,1259,1.0
442,0,1261,1.0
443,0,1265,1.0
444,0,1267,
445,0,1270,
446,0,1272,
447,0,1275,
448,0,1276,
449,0,1277,1.0
450,0,1278,1.0
451,0,1284,
452,0,1287,
453,0,1289,0.8166666666666667
454,0,1292,1.0
455,0,1293,
456,0,1295,1.0
457,0,1304,
458,0,1310,
459,0,1311,0.7706018518518518
460,0,1314,0.0
461,0,1322,0.0
462,0,1324,
463,0,1330,
464,0,1332,
465,0,1333,
466,0,1335,1.0
467,0,1338,
468,0,1339,
469,0,1341,
470,0,1342,1.0
471,0,1344,0.33333333333333337
472,0,1346,
473,0,1349,
474,0,1356,
475,0,1357,0.6470588235294117
476,0,1362,0.9166666666666667
477,0,1365,
478,0,1368,
479,0,1371,
480,0,1372,
481,0,1380,
482,0,1382,
483,0,1384,
484,0,1394,
485,0,1404,0.9516129032258064
486,0,1406,
487,0,1410,
488,0,1412,0.6428571428571428
489,0,1413,
490,0,1416,
491,0,1417,
492,0,1418,
493,0,1421,0.25
494,0,1422,0.5
495,0,1423,
496,0,1424,
497,0,1425,
498,0,1429,0.6388888888888888
499,0,1430,
500,0,1431,
501,0,1432,0.888888888888889
502,0,1435,0.0
503,0,1436,
504,0,1439,1.0
505,0,1441,0.25
506,0,1442,
507,0,1444,
508,0,1451,0.7329306722689075
509,0,1452,
510,0,1453,
511,0,1456,
512,0,1458,0.0
513,0,1460,0.49193548387096775
514,0,1461,0.8553359683794467
515,0,1462,
516,0,1465,
517,0,1471,
518,0,1472,1.0
519,0,1476,0.9107142857142857
520,0,1482,0.16666666666666663
521,0,1483,
522,0,1485,0.6
523,0,1496,
524,0,1498,
525,0,1499,
526,0,1501,1.0
527,0,1508,
528,0,1511,0.4545454545454546
529,0,1512,0.7291666666666666
530,0,1514,
531,0,1516,
532,0,1519,
533,0,1521,
534,0,1523,0.0
535,0,1524,
536,0,1532,0.8391118778495974
537,0,1533,1.0
538,0,1539,1.0
539,0,1546,
540,0,1548,0.875
541,0,1552,0.4
542,0,1553,0.6952380952380951
543,0,1561,0.8333333333333334
544,0,1567,0.36363636363636365
545,0,1576,
546,0,1589,
547,0,1596,
548,0,1601,
549,0,1603,
550,0,1604,
551,0,1605,
552,0,1611,
553,0,1615,
554,0,1616,0.573902027027027
555,0,1619,
556,0,1621,
557,0,1625,
558,0,1629,0.375
559,0,1631,
560,0,1632,
561,0,1634,0.0
562,0,1635,1.0
563,0,1637,
564,0,1643,0.875
565,0,1647,1.0
566,0,1655,
567,0,1657,0.5079365079365079
568,0,1659,1.0
569,0,1660,
570,0,1661,
571,0,1662,
572,0,1663,
573,0,1666,
574,0,1668,
575,0,1669,0.0
576,0,1677,0.7763440860215054
577,0,1681,
578,0,1684,0.5714285714285714
579,0,1687,0.3181818181818182
580,0,1693,
581,0,1694,0.0
582,0,1695,0.5972222222222222
583,0,1698,
584,0,1699,
585,0,1701,
586,0,1702,0.8333333333333334
587,0,1704,
588,0,1707,0.0
589,0,1722,
590,0,1726,
591,0,1727,0.6875
592,0,1734,0.75
593,0,1735,0.9642857142857143
594,0,1736,
595,0,1743,
596,0,1749,
597,0,1750,0.625
598,0,1751,0.75
599,0,1752,
600,0,1754,
601,0,1755,
602,0,1757,0.875
603,0,1760,1.0
604,0,1763,0.5
605,0,1764,
606,0,1767,0.8205128205128205
607,0,1769,1.0
608,0,1771,0.9770642201834863
609,0,1772,0.6282051282051282
610,0,1779,0.5
611,0,1785,0.8166666666666667
612,0,1791,
613,0,1793,0.30434782608695654
614,0,1794,0.7777777777777778
615,0,1797,
616,0,1798,
617,0,1799,
618,0,1800,
619,0,1805,
620,0,1808,0.3508566978193146
621,0,1811,0.7222222222222223
622,0,1828,
623,0,1835,
624,0,1838,
625,0,1839,
626,0,1841,
627,0,1843,1.0
628,0,1845,0.6451612903225806
629,0,1851,0.7647058823529411
630,0,1853,1.0
631,0,1854,0.7777777777777778
632,0,1858,
633,0,1859,
634,0,1861,
635,0,1862,0.375
636,0,1864,
637,0,1868,
638,0,1870,0.6666666666666667
639,0,1876,
640,0,1877,0.5
641,0,1878,
642,0,1881,
643,0,1882,
644,0,1886,0.5789473684210527
645,0,1887,
646,0,1891,
647,0,1892,0.9
648,0,1895,0.6847507331378299
649,0,1898,
650,0,1900,0.041666666666666685
651,0,1901,
652,0,1903,0.939516129032258
653,0,1906,
654,0,1907,
655,0,1911,
656,0,1916,0.5833333333333333
657,0,1918,
658,0,1919,
659,0,1921,
660,0,1923,0.3125
661,0,1924,0.0
662,0,1925,
663,0,1928,
664,0,1934,
665,0,1935,1.0
666,0,1940,
667,0,1947,
668,0,1948,
669,0,1949,0.7777777777777778
670,0,1951,0.4666666666666667
671,0,1952,
672,0,1953,
673,0,1961,1.0
674,0,1962,
675,0,1963,0.5
676,0,1965,
677,0,1971,0.5909090909090908
678,0,1972,
679,0,1974,
680,0,1978,0.6875
681,0,1985,0.6666666666666667
682,0,1986,
683,0,1987,0.6666666666666667
684,0,1992,0.5
685,0,1994,1.0
686,0,1997,0.7142857142857143
687,0,2000,
688,0,2001,
689,0,2002,0.7371299871299872
690,0,2005,
691,0,2009,
692,0,2011,
693,0,2014,
694,0,2018,
695,0,2019,0.8043478260869564
696,0,2021,0.7747252747252747
697,0,2023,0.8181818181818181
698,0,2024,
699,0,2035,0.7142857142857142
700,0,2039,0.875
701,0,2043,0.7
702,0,2045,1.0
703,0,2047,
704,0,2048,
705,0,2050,
706,0,2051,1.0
707,0,2053,
708,0,2056,
709,0,2060,
710,0,2061,0.9102564102564102
711,0,2063,
712,0,2064,
713,0,2065,
714,0,2066,
715,0,2067,0.9393939393939393
716,0,2068,
717,0,2073,1.0
718,0,2080,
719,0,2081,
720,0,2091,
721,0,2097,
722,0,2098,0.1333333333333333
723,0,2100,
724,0,2102,
725,0,2104,
726,0,2108,1.0
727,0,2109,0.7909875359539789
728,0,2110,0.5181818181818182
729,0,2111,0.6860613810741687
730,0,2112,0.992
731,0,2114,
732,0,2116,0.25
733,0,2122,
734,0,2127,1.0
735,0,2132,0.8
736,0,2134,1.0
737,0,2136,
738,0,2141,1.0
739,0,2143,1.0
740,0,2146,
741,0,2148,
742,0,2150,
743,0,2153,0.875
744,0,2160,
745,0,2162,0.7153846153846154
746,0,2164,0.9523809523809524
747,0,2166,
748,0,2167,0.5555555555555556
749,0,2168,
750,0,2169,
751,0,2173,
752,0,2176,1.0
753,0,2185,
754,0,2186,0.9090909090909091
755,0,2187,1.0
756,0,2190,0.0
757,0,2191,
758,0,2196,1.0
759,0,2201,1.0
760,0,2203,
761,0,2204,1.0
762,0,2207,
763,0,2212,
764,0,2213,
765,0,2214,0.6
766,0,2223,0.5111111111111111
767,0,2226,
768,0,2227,
769,0,2229,
770,0,2234,1.0
771,0,2235,0.7043478260869566
772,0,2238,
773,0,2240,
774,0,2245,
775,0,2246,
776,0,2252,0.9
777,0,2254,0.7727272727272727
778,0,2265,
779,0,2267,
780,0,2269,
781,0,2273,0.11111111111111116
782,0,2276,1.0
783,0,2279,
784,0,2280,0.25
785,0,2284,
786,0,2299,1.0
787,0,2304,
788,0,2312,0.8
789,0,2314,
790,0,2315,
791,0,2316,
792,0,2317,0.7857142857142857
793,0,2318,
794,0,2320,0.0
795,0,2323,
796,0,2324,1.0
797,0,2325,0.6785714285714286
798,0,2326,0.9375
799,0,2327,
800,0,2329,0.16666666666666663
801,0,2332,
802,0,2335,
803,0,2338,
804,0,2343,
805,0,2344,0.5
806,0,2345,
807,0,2348,0.494945567651633
808,0,2349,
809,0,2358,
810,0,2359,0.0
811,0,2361,
812,0,2364,
813,0,2366,0.653309581043956
814,0,2370,0.8571428571428572
815,0,2372,0.6
816,0,2377,
817,0,2380,
818,0,2382,0.575
819,0,2384,0.75
820,0,2386,
821,0,2390,
822,0,2392,0.19999999999999996
823,0,2393,1.0
824,0,2394,0.5
825,0,2400,1.0
826,0,2402,
827,0,2403,
828,0,2404,
829,0,2405,
830,0,2407,
831,0,2408,1.0
832,0,2409,1.0
833,0,2410,1.0
834,0,2411,
835,0,2416,
836,0,2419,
837,0,2422,0.7941176470588236
838,0,2424,1.0
839,0,2430,0.0
840,0,2437,
841,0,2443,
842,0,2446,0.5454545454545454
843,0,2447,0.1515151515151515
844,0,2459,1.0
845,0,2460,0.4285714285714286
846,0,2461,0.6153846153846154
847,0,2462,
848,0,2468,1.0
849,0,2473,1.0
850,0,2476,
851,0,2477,0.7282051282051282
852,0,2482,0.5238095238095237
853,0,2486,1.0
854,0,2487,
855,0,2489,
856,0,2495,
857,0,2502,1.0
858,0,2514,
859,0,2516,0.8352055376768475
860,0,2517,
861,0,2519,1.0
862,0,2520,
863,0,2522,1.0
864,0,2523,0.6875
865,0,2527,0.8676470588235294
866,0,2528,
867,0,2537,1.0
868,0,2540,
869,0,2543,
870,0,2545,1.0
871,0,2546,
872,0,2549,
873,0,2552,
874,0,2553,
875,0,2554,
876,0,2555,
877,0,2557,
878,0,2559,
879,0,2568,
880,0,2571,0.0
881,0,2574,
882,0,2579,
883,0,2581,0.16666666666666663
884,0,2582,
885,0,2583,
886,0,2584,1.0
887,0,2590,
888,0,2594,
889,0,2595,
890,0,2597,
891,0,2599,
892,0,2604,
893,0,2608,
894,0,2609,1.0
895,0,2612,0.7777777777777778
896,0,2620,
897,0,2625,
898,0,2626,
899,0,2630,
900,0,2631,
901,0,2640,1.0
902,0,2643,0.5442176870748299
903,0,2648,
904,0,2650,
905,0,2655,1.0
906,0,2661,1.0
907,0,2662,
908,0,2665,0.46376811594202894
909,0,2666,0.7891156462585034
910,0,2667,
911,0,2668,0.5
912,0,2677,0.9555555555555555
913,0,2685,
914,0,2689,1.0
915,0,2692,
916,0,2698,0.7407407407407407
917,0,2699,
918,0,2702,
919,0,2704,
920,0,2705,0.6987602699530516
921,0,2707,0.25
922,0,2709,
923,0,2717,
924,0,2720,
925,0,2721,
926,0,2725,
927,0,2732,
928,0,2734,
929,0,2741,
930,0,2743,
931,0,2745,0.5166666666666666
932,0,2755,1.0
933,0,2761,1.0
934,0,2764,
935,0,2771,0.8333333333333334
936,0,2772,
937,0,2773,0.6222222222222222
938,0,2774,0.7371794871794872
939,0,2780,
940,0,2785,
941,0,2790,
942,0,2792,
943,0,2794,
944,0,2797,
945,0,2798,0.5833333333333333
946,0,2802,0.6428571428571429
947,0,2805,
948,0,2806,0.0
949,0,2808,
950,0,2810,0.8851351351351352
951,0,2813,
952,0,2817,0.625
953,0,2818,
954,0,2819,0.5
955,0,2820,
956,0,2821,
957,0,2822,
958,0,2829,
959,0,2830,
960,0,2833,
961,0,2836,
962,0,2837,1.0
963,0,2845,0.0
964,0,2846,1.0
965,0,2848,0.7816666666666666
966,0,2857,0.6875
967,0,2858,
968,0,2860,0.5119047619047619
969,0,2861,
970,0,2865,0.6216216216216217
971,0,2869,0.8333333333333334
972,0,2873,0.75
973,0,2874,
974,0,2879,
975,0,2880,0.7142857142857143
976,0,2884,
977,0,2885,
978,0,2887,
979,0,2888,
980,0,2896,0.8184523809523809
981,0,2897,
982,0,2898,0.9259259259259259
983,0,2900,
984,0,2901,
985,0,2902,0.6099837662337663
986,0,2904,
987,0,2907,
988,0,2909,
989,0,2914,
990,0,2916,0.4358974358974359
991,0,2918,0.25
992,0,2919,
993,0,2921,
994,0,2923,0.9166666666666666
995,0,2924,0.3333333333333333
996,0,2926,0.7142857142857143
997,0,2929,
998,0,2933,
999,0,2936,
1000,0,2943,1.0
1001,0,2946,
1002,0,2947,
1003,0,2950,
1004,0,2951,0.0
1005,0,2953,
1006,0,2954,
1007,0,2955,0.8333333333333334
1008,0,2957,
1009,0,2961,
1010,0,2964,
1011,0,2967,0.5
1012,0,2969,0.5
1013,0,2971,0.5
1014,0,2977,1.0
1015,0,2980,
1016,0,2981,0.33333333333333337
1017,0,2987,
1018,0,2988,
1019,0,2994,
1020,0,2999,
1021,0,3001,0.9523809523809523
1022,0,3002,0.7568351284175642
1023,0,3003,
1024,0,3015,
1025,0,3023,
1026,0,3024,0.93125
1027,0,3025,
1028,0,3032,
1029,0,3033,0.9523809523809523
1030,0,3036,
1031,0,3045,1.0
1032,0,3047,
1033,0,3049,0.7259259259259259
1034,0,3052,0.441747572815534
1035,0,3053,
1036,0,3054,
1037,0,3056,
1038,0,3060,0.9
1039,0,3064,
1040,0,3065,
1041,0,3066,
1042,0,3071,
1043,0,3072,
1044,0,3077,
1045,0,3081,0.5
1046,0,3083,
1047,0,3085,0.6111111111111112
1048,0,3086,
1049,0,3092,0.7261904761904762
1050,0,3096,0.25
1051,0,3100,
1052,0,3103,1.0
1053,0,3104,0.6955128205128205
1054,0,3109,
1055,0,3114,
1056,0,3118,0.5
1057,0,3121,
1058,0,3122,
1059,0,3126,
1060,0,3129,
1061,0,3130,
1062,0,3132,
1063,0,3133,
1064,0,3135,
1065,0,3136,0.0
1066,0,3138,0.7962962962962964
1067,0,3140,0.9740566037735849
1068,0,3141,0.43939393939393945
1069,0,3145,
1070,0,3149,
1071,0,3152,
1072,0,3158,1.0
1073,0,3162,0.629032258064516
1074,0,3163,0.75
1075,0,3164,
1076,0,3170,
1077,0,3176,
1078,0,3179,
1079,0,3181,
1080,0,3184,
1081,0,3187,0.8125
1082,0,3188,0.6666666666666666
1083,0,3190,0.9375
1084,0,3192,1.0
1085,0,3193,0.925
1086,0,3194,
1087,0,3195,0.5833333333333333
1088,0,3196,
1089,0,3205,
1090,0,3206,
1091,0,3208,
1092,0,3209,
1093,0,3211,0.5972222222222222
1094,0,3213,0.0
1095,0,3214,
1096,0,3216,1.0
1097,0,3217,
1098,0,3218,0.9166666666666666
1099,0,3220,1.0
1100,0,3222,0.6249673544006267
1101,0,3226,1.0
1102,0,3227,0.8340425531914893
1103,0,3229,
1104,0,3232,
1105,0,3240,0.0
1106,0,3241,
1107,0,3243,
1108,0,3245,
1109,0,3249,0.5714285714285714
1110,0,3250,0.7045454545454546
1111,0,3256,0.8994360902255639
1112,0,3259,0.28571428571428575
1113,0,3260,0.0
1114,0,3262,0.6875
1115,0,3272,
1116,0,3277,
1117,0,3278,
1118,0,3279,
1119,0,3283,
1120,0,3288,0.75
1121,0,3290,0.888888888888889
1122,0,3294,
1123,0,3295,
1124,0,3298,
1125,0,3305,
1126,0,3306,1.0
1127,0,3307,1.0
1128,0,3309,
1129,0,3312,0.6
1130,0,3314,0.09999999999999998
1131,0,3320,
1132,0,3321,
1133,0,3322,1.0
1134,0,3324,
1135,0,3339,
1136,0,3341,0.8571428571428572
1137,0,3342,1.0
1138,0,3344,
1139,0,3348,
1140,0,3349,
1141,0,3352,0.9085714285714286
1142,0,3358,0.0
1143,0,3364,1.0
1144,0,3367,
1145,0,3370,
1146,0,3373,
1147,0,3375,
1148,0,3376,
1149,0,3378,
1150,0,3379,0.8333333333333334
1151,0,3380,
1152,0,3381,
1153,0,3382,0.0
1154,0,3384,
1155,0,3386,
1156,0,3389,0.7198275862068966
1157,0,3395,
1158,0,3396,0.8
1159,0,3397,
1160,0,3398,
1161,0,3399,0.5
1162,0,3402,
1163,0,3407,0.7814655172413792
1164,0,3408,
1165,0,3412,
1166,0,3425,
1167,0,3426,
1168,0,3428,
1169,0,3433,0.5
1170,0,3434,0.9375
1171,0,3435,
1172,0,3437,
1173,0,3450,1.0
1174,0,3452,
1175,0,3459,
1176,0,3463,
1177,0,3464,
1178,0,3469,
1179,0,3471,
1180,0,3486,
1181,0,3491,1.0
1182,0,3493,
1183,0,3497,1.0
1184,0,3498,0.8333333333333334
1185,0,3499,
1186,0,3502,
1187,0,3503,
1188,0,3505,0.4
1189,0,3507,0.6107142857142858
1190,0,3513,
1191,0,3514,0.6866666666666666
1192,0,3517,
1193,0,3521,
1194,0,3522,0.7142857142857143
1195,0,3523,1.0
1196,0,3526,0.75
1197,0,3533,
1198,0,3534,0.0
1199,0,3541,0.625
1200,0,3542,
1201,0,3545,
1202,0,3548,0.7
1203,0,3549,0.6666666666666666
1204,0,3550,0.9612903225806452
1205,0,3554,
1206,0,3555,
1207,0,3557,0.6818181818181819
1208,0,3560,
1209,0,3562,
1210,0,3567,
1211,0,3570,
1212,0,3573,1.0
1213,0,3575,
1214,0,3579,1.0
1215,0,3583,0.9892183288409704
1216,0,3589,0.9722222222222222
1217,0,3591,0.5
1218,0,3592,1.0
1219,0,3593,
1220,0,3595,
1221,0,3600,1.0
1222,0,3605,0.7421679197994988
1223,0,3615,
1224,0,3616,0.43999999999999995
1225,0,3621,
1226,0,3622,
1227,0,3626,
1228,0,3627,
1229,0,3629,0.588235294117647
1230,0,3633,
1231,0,3634,
1232,0,3643,0.75
1233,0,3644,
1234,0,3645,0.33333333333333337
1235,0,3648,
1236,0,3650,0.3333333333333333
1237,0,3651,
1238,0,3654,1.0
1239,0,3655,1.0
1240,0,3660,
1241,0,3665,
1242,0,3669,1.0
1243,0,3686,
1244,0,3694,
1245,0,3695,
1246,0,3696,
1247,0,3698,1.0
1248,0,3699,1.0
1249,0,3703,
1250,0,3707,
1251,0,3708,0.16666666666666669
1252,0,3711,0.6499999999999999
1253,0,3714,
1254,0,3720,0.0
1255,0,3721,1.0
1256,0,3722,0.62
1257,0,3723,
1258,0,3726,0.9351851851851852
1259,0,3731,0.8256410256410256
1260,0,3732,0.8188393094939151
1261,0,3734,
1262,0,3735,
1263,0,3736,
1264,0,3739,1.0
1265,0,3740,0.7246376811594203
1266,0,3748,1.0
1267,0,3750,0.8125
1268,0,3753,1.0
1269,0,3757,
1270,0,3759,0.0
1271,0,3763,
1272,0,3769,
1273,0,3779,
1274,0,3786,1.0
1275,0,3788,
1276,0,3789,0.6551724137931034
1277,0,3790,0.8571428571428572
1278,0,3791,0.5
1279,0,3792,0.26282051282051283
1280,0,3799,0.5356797290759554
1281,0,3803,
1282,0,3808,
1283,0,3809,
1284,0,3812,
1285,0,3815,
1286,0,3816,1.0
1287,0,3819,0.7857142857142857
1288,0,3824,1.0
1289,0,3827,0.625
1290,0,3830,
1291,0,3831,1.0
1292,0,3834,
1293,0,3836,
1294,0,3837,
1295,0,3850,
1296,0,3852,
1297,0,3860,1.0
1298,0,3865,
1299,0,3867,
1300,0,3869,
1301,0,3875,0.875
1302,0,3880,0.7047619047619048
1303,0,3881,
1304,0,3884,0.0
1305,0,3885,0.7781978575929427
1306,0,3888,
1307,0,3889,0.8636363636363636
1308,0,3891,
1309,0,3894,
1310,0,3898,
1311,0,3902,1.0
1312,0,3904,0.8125
1313,0,3911,
1314,0,3913,
1315,0,3914,0.75
1316,0,3916,
1317,0,3917,
1318,0,3921,
1319,0,3923,
1320,0,3928,
1321,0,3929,
1322,0,3932,
1323,0,3933,
1324,0,3934,
1325,0,3935,1.0
1326,0,3936,
1327,0,3940,0.5387596899224807
1328,0,3941,
1329,0,3942,1.0
1330,0,3947,
1331,0,3951,
1332,0,3957,
1333,0,3958,0.8444444444444444
1334,0,3959,0.9235426640382991
1335,0,3960,
1336,0,3964,
1337,0,3969,0.4
1338,0,3970,
1339,0,3985,
1340,0,3986,0.3333333333333333
1341,0,3992,0.6432883676962775
1342,0,3995,1.0
1343,0,4001,
1344,0,4003,
1345,0,4004,0.0
1346,0,4006,0.5
1347,0,4014,
1348,0,4017,
1349,0,4020,0.9761904761904762
1350,0,4028,
1351,0,4029,
1352,0,4031,
1353,0,4034,0.888888888888889
1354,0,4035,
1355,0,4038,
1356,0,4039,
1357,0,4040,
1358,0,4044,
1359,0,4055,
1360,0,4057,0.8
1361,0,4065,0.4285714285714286
1362,0,4069,1.0
1363,0,4070,0.7777777777777778
1364,0,4071,
1365,0,4073,0.8235294117647058
1366,0,4075,
1367,0,4079,
1368,0,4080,
1369,0,4081,0.19999999999999996
1370,0,4090,0.625
1371,0,4091,0.7303921568627451
1372,0,4093,
1373,0,4095,
1374,0,4105,
1375,0,4106,
1376,0,4109,
1377,0,4110,
1378,0,4113,0.9958333333333332
1379,0,4116,
1380,0,4118,1.0
1381,0,4121,0.6833333333333333
1382,0,4130,
1383,0,4133,0.6666666666666667
1384,0,4137,
1385,0,4141,
1386,0,4143,0.7538109756097561
1387,0,4150,0.625
1388,0,4152,1.0
1389,0,4156,0.8368794326241135
1390,0,4161,1.0
1391,0,4163,
1392,0,4165,1.0
1393,0,4170,
1394,0,4176,
1395,0,4180,
1396,0,4181,1.0
1397,0,4185,
1398,0,4190,
1399,0,4192,0.625
1400,0,4193,
1401,0,4195,0.782051282051282
1402,0,4196,0.9
1403,0,4197,
1404,0,4199,0.9583333333333334
1405,0,4206,
1406,0,4208,0.5
1407,0,4209,
1408,0,4213,
1409,0,4227,
1410,0,4229,0.125
1411,0,4230,
1412,0,4233,0.0
1413,0,4234,
1414,0,4255,1.0
1415,0,4258,
1416,0,4261,
1417,0,4265,1.0
1418,0,4269,0.9444444444444444
1419,0,4275,
1420,0,4276,1.0
1421,0,4280,
1422,0,4281,1.0
1423,0,4285,
1424,0,4291,0.0
1425,0,4296,
1426,0,4300,
1427,0,4301,1.0
1428,0,4305,1.0
1429,0,4308,
1430,0,4309,0.6
1431,0,4310,0.95
1432,0,4313,0.5
1433,0,4317,
1434,0,4319,1.0
1435,0,4326,
1436,0,4328,
1437,0,4329,
1438,0,4331,
1439,0,4332,
1440,0,4333,1.0
1441,0,4334,
1442,0,4337,
1443,0,4341,
1444,0,4342,
1445,0,4343,0.4
1446,0,4344,
1447,0,4345,
1448,0,4346,0.0
1449,0,4351,
1450,0,4356,
1451,0,4363,
1452,0,4364,1.0
1453,0,4366,0.6836734693877551
1454,0,4378,
1455,0,4388,
1456,0,4391,1.0
1457,0,4393,
1458,0,4394,0.5
1459,0,4395,
1460,0,4400,
1461,0,4404,
1462,0,4411,0.6666666666666666
1463,0,4414,
1464,0,4420,
1465,0,4423,
1466,0,4424,
1467,0,4425,1.0
1468,0,4428,0.6923076923076923
1469,0,4430,0.7604166666666667
1470,0,4432,
1471,0,4434,
1472,0,4438,
1473,0,4441,0.0
1474,0,4442,
1475,0,4447,0.8333333333333334
1476,0,4448,0.5539334955393349
1477,0,4453,1.0
1478,0,4457,
1479,0,4460,
1480,0,4461,
1481,0,4462,0.8734567901234568
1482,0,4463,
1483,0,4467,0.8125
1484,0,4468,1.0
1485,0,4469,0.16666666666666669
1486,0,4470,
1487,0,4478,0.8
1488,0,4480,0.0
1489,0,4485,0.0
1490,0,4490,1.0
1491,0,4493,1.0
1492,0,4495,
1493,0,4497,
1494,0,4500,0.9940828402366865
1495,0,4508,1.0
1496,0,4515,
1497,0,4516,
1498,0,4519,
1499,0,4521,0.7063492063492063
1500,0,4532,1.0
1501,0,4534,
1502,0,4539,1.0
1503,0,4540,
1504,0,4542,0.9705882352941176
1505,0,4547,0.6818181818181818
1506,0,4548,
1507,0,4549,
1508,0,4550,1.0
1509,0,4551,0.665
1510,0,4552,0.20833333333333331
1511,0,4555,
1512,0,4556,
1513,0,4557,
1514,0,4561,
1515,0,4573,
1516,0,4574,
1517,0,4575,
1518,0,4576,0.9279999999999999
1519,0,4577,
1520,0,4579,
1521,0,4580,
1522,0,4583,
1523,0,4585,
1524,0,4588,
1525,0,4591,
1526,0,4595,
1527,0,4597,
1528,0,4598,
1529,0,4601,1.0
1530,0,4602,1.0
1531,0,4604,0.9565217391304347
1532,0,4606,
1533,0,4609,1.0
1534,0,4610,0.9807692307692308
1535,0,4615,
1536,0,4618,0.0
1537,0,4619,1.0
1538,0,4624,0.0
1539,0,4626,
1540,0,4629,0.72
1541,0,4634,1.0
1542,0,4635,0.5357603092783505
1543,0,4639,0.4736842105263158
1544,0,4640,0.71875
1545,0,4648,1.0
1546,0,4653,1.0
1547,0,4655,0.7983870967741935
1548,0,4665,
1549,0,4666,
1550,0,4672,
1551,0,4673,
1552,0,4674,
1553,0,4676,0.9500000000000001
1554,0,4677,
1555,0,4680,
1556,0,4684,
1557,0,4687,
1558,0,4690,0.559748427672956
1559,0,4692,
1560,0,4696,
1561,0,4697,
1562,0,4700,0.9
1563,0,4705,
1564,0,4706,
1565,0,4708,0.0
1566,0,4712,0.9333333333333333
1567,0,4716,
1568,0,4719,
1569,0,4720,
1570,0,4723,0.8458333333333332
1571,0,4727,0.5952977487291212
1572,0,4728,
1573,0,4730,1.0
1574,0,4736,
1575,0,4740,
1576,0,4742,1.0
1577,0,4744,
1578,0,4746,1.0
1579,0,4748,
1580,0,4753,0.9137931034482758
1581,0,4754,
1582,0,4758,1.0
1583,0,4759,0.6666666666666667
1584,0,4764,
1585,0,4766,0.8181818181818181
1586,0,4767,
1587,0,4772,
1588,0,4775,
1589,0,4776,1.0
1590,0,4778,
1591,0,4780,
1592,0,4781,
1593,0,4782,
1594,0,4787,1.0
1595,0,4788,
1596,0,4795,0.0
1597,0,4796,0.9166666666666667
1598,0,4801,
1599,0,4802,
1600,0,4809,0.75
1601,0,4812,1.0
1602,0,4814,
1603,0,4815,
1604,0,4817,
1605,0,4820,0.9166666666666666
1606,0,4830,
1607,0,4831,1.0
1608,0,4835,
1609,0,4837,
1610,0,4838,
1611,0,4839,0.33333333333333337
1612,0,4840,0.5
1613,0,4846,0.14814814814814814
1614,0,4853,1.0
1615,0,4855,
1616,0,4857,0.16666666666666663
1617,0,4858,
1618,0,4859,
1619,0,4861,0.5
1620,0,4870,
1621,0,4871,1.0
1622,0,4872,0.6165297287746268
1623,0,4873,1.0
1624,0,4874,
1625,0,4876,
1626,0,4877,
1627,0,4882,
1628,0,4887,1.0
1629,0,4890,
1630,0,4893,0.16666666666666669
1631,0,4900,
1632,0,4903,
1633,0,4908,
1634,0,4909,0.8263888888888888
1635,0,4916,
1636,0,4922,1.0
1637,0,4923,0.5
1638,0,4929,1.0
1639,0,4932,
1640,0,4933,
1641,0,4935,
1642,0,4938,1.0
1643,0,4939,
1644,0,4940,
1645,0,4941,
1646,0,4943,
1647,0,4945,
1648,0,4947,
1649,0,4949,
1650,0,4950,
1651,0,4953,0.4
1652,0,4956,0.7279202279202279
1653,0,4957,
1654,0,4959,0.7333333333333334
1655,0,4966,1.0
1656,0,4969,
1657,0,4971,
1658,0,4973,
1659,0,4975,
1660,0,4976,
1661,0,4978,
1662,0,4980,
1663,0,4981,
1664,0,4982,0.06818181818181818
1665,0,4984,
1666,0,4994,
1667,0,4997,
1668,0,4998,
1669,0,5006,
1670,0,5007,
1671,0,5010,0.5
1672,0,5011,
1673,0,5012,0.5333333333333333
1674,0,5014,0.6666666666666667
1675,0,5015,
1676,0,5017,
1677,0,5018,1.0
1678,0,5021,
1679,0,5022,
1680,0,5024,
1681,0,5025,
1682,0,5026,
1683,0,5029,
1684,0,5030,
1685,0,5035,0.8034188034188035
1686,0,5040,
1687,0,5041,
1688,0,5042,
1689,0,5043,
1690,0,5044,
1691,0,5048,
1692,0,5049,
1693,0,5053,
1694,0,5054,0.8263228737276016
1695,0,5057,1.0
1696,0,5058,
1697,0,5060,
1698,0,5061,
1699,0,5067,0.6428571428571429
1700,0,5068,
1701,0,5073,
1702,0,5075,
1703,0,5076,0.75
1704,0,5077,0.0
1705,0,5079,
1706,0,5081,0.75
1707,0,5084,0.9838709677419355
1708,0,5085,0.8928571428571429
1709,0,5086,
1710,0,5087,
1711,0,5096,1.0
1712,0,5101,0.7058823529411764
1713,0,5106,1.0
1714,0,5108,
1715,0,5109,
1716,0,5110,1.0
1717,0,5112,
1718,0,5114,
1719,0,5115,1.0
1720,0,5118,1.0
1721,0,5124,
1722,0,5127,0.5
1723,0,5134,0.5986842105263158
1724,0,5137,
1725,0,5138,
1726,0,5139,0.8981481481481481
1727,0,5141,1.0
1728,0,5143,0.46341463414634143
1729,0,5146,
1730,0,5147,1.0
1731,0,5153,
1732,0,5157,
1733,0,5162,
1734,0,5163,1.0
1735,0,5164,0.85
1736,0,5165,
1737,0,5167,
1738,0,5168,1.0
1739,0,5170,
1740,0,5172,
1741,0,5174,0.75
1742,0,5175,
1743,0,5176,1.0
1744,0,5179,
1745,0,5180,0.1857142857142857
1746,0,5181,
1747,0,5183,1.0
1748,0,5185,
1749,0,5195,
1750,0,5197,
1751,0,5198,
1752,0,5204,
1753,0,5214,
1754,0,5216,0.0
1755,0,5217,
1756,0,5220,
1757,0,5222,0.4
1758,0,5223,0.8097826086956521
1759,0,5225,1.0
1760,0,5227,
1761,0,5236,0.5
1762,0,5237,0.7784090909090908
1763,0,5241,0.5
1764,0,5246,1.0
1765,0,5247,1.0
1766,0,5250,0.921492537313433
1767,0,5255,
1768,0,5257,0.0
1769,0,5260,0.0
1770,0,5262,0.2
1771,0,5264,0.96
1772,0,5265,0.6349206349206349
1773,0,5268,
1774,0,5269,0.922077922077922
1775,0,5270,
1776,0,5272,0.7708333333333333
1777,0,5274,
1778,0,5277,1.0
1779,0,5278,
1780,0,5279,0.7416666666666667
1781,0,5283,
1782,0,5285,
1783,0,5291,
1784,0,5292,
1785,0,5295,0.6666666666666666
1786,0,5296,
1787,0,5297,0.625
1788,0,5306,
1789,0,5310,0.7770833333333333
1790,0,5312,1.0
1791,0,5313,0.9166666666666667
1792,0,5317,0.8125
1793,0,5319,1.0
1794,0,5320,
1795,0,5323,1.0
1796,0,5326,0.0
1797,0,5330,0.5571428571428572
1798,0,5333,
1799,0,5334,0.0
1800,0,5342,
1801,0,5347,
1802,0,5350,
1803,0,5351,1.0
1804,0,5352,
1805,0,5353,
1806,0,5356,
1807,0,5357,
1808,0,5362,
1809,0,5363,
1810,0,5369,
1811,0,5377,
1812,0,5381,
1813,0,5385,
1814,0,5387,
1815,0,5388,
1816,0,5390,
1817,0,5392,
1818,0,5395,0.8333333333333334
1819,0,5397,
1820,0,5402,
1821,0,5404,
1822,0,5406,0.675
1823,0,5407,1.0
1824,0,5408,0.0
1825,0,5409,0.8522727272727273
1826,0,5413,
1827,0,5416,
1828,0,5418,
1829,0,5420,0.375
1830,0,5423,
1831,0,5424,
1832,0,5427,0.25
1833,0,5429,0.6666666666666666
1834,0,5430,
1835,0,5432,
1836,0,5433,0.0
1837,0,5434,0.8333333333333334
1838,0,5437,
1839,0,5439,
1840,0,5440,
1841,0,5441,1.0
1842,0,5443,
1843,0,5447,
1844,0,5449,1.0
1845,0,5450,
1846,0,5456,1.0
1847,0,5464,
1848,0,5465,
1849,0,5468,
1850,0,5472,
1851,0,5475,
1852,0,5477,
1853,0,5483,
1854,0,5484,
1855,0,5486,
1856,0,5487,
1857,0,5490,
1858,0,5494,
1859,0,5496,
1860,0,5505,
1861,0,5506,
1862,0,5507,1.0
1863,0,5508,1.0
1864,0,5509,1.0
1865,0,5510,1.0
1866,0,5511,
1867,0,5518,
1868,0,5522,
1869,0,5525,0.2564102564102564
1870,0,5527,
1871,0,5528,
1872,0,5532,0.625
1873,0,5533,0.875
1874,0,5537,
1875,0,5540,
1876,0,5543,
1877,0,5544,0.6666666666666666
1878,0,5548,0.7875000000000001
1879,0,5550,0.16666666666666663
1880,0,5551,
1881,0,5552,
1882,0,5557,0.75
1883,0,5559,0.8333333333333334
1884,0,5561,
1885,0,5562,
1886,0,5565,
1887,0,5569,
1888,0,5570,0.33333333333333337
1889,0,5573,0.8055555555555556
1890,0,5574,1.0
1891,0,5575,
1892,0,5576,
1893,0,5577,
1894,0,5587,0.975
1895,0,5588,0.6964285714285714
1896,0,5589,0.5
1897,0,5597,
1898,0,5602,
1899,0,5605,
1900,0,5606,0.7
1901,0,5610,0.0
1902,0,5611,
1903,0,5618,
1904,0,5619,
1905,0,5625,
1906,0,5626,
1907,0,5629,
1908,0,5630,
1909,0,5631,0.1428571428571429
1910,0,5634,0.9285714285714285
1911,0,5642,1.0
1912,0,5644,0.75
1913,0,5645,0.875
1914,0,5650,
1915,0,5651,
1916,0,5660,0.6170468187274909
1917,0,5661,
1918,0,5663,0.5
1919,0,5665,1.0
1920,0,5671,0.4861111111111111
1921,0,5672,0.5714285714285714
1922,0,5677,0.25
1923,0,5678,
1924,0,5680,0.9833333333333334
1925,0,5683,1.0
1926,0,5692,
1927,0,5693,
1928,0,5705,
1929,0,5706,0.0
1930,0,5710,
1931,0,5711,
1932,0,5712,1.0
1933,0,5714,
1934,0,5717,
1935,0,5718,0.25
1936,0,5724,
1937,0,5725,
1938,0,5726,
1939,0,5728,0.8253333333333335
1940,0,5730,
1941,0,5732,
1942,0,5733,1.0
1943,0,5734,0.6666666666666667
1944,0,5737,
1945,0,5738,0.4642857142857143
1946,0,5745,
1947,0,5747,1.0
1948,0,5749,0.2142857142857143
1949,0,5756,1.0
1950,0,5759,
1951,0,5762,0.5
1952,0,5764,1.0
1953,0,5768,0.25
1954,0,5771,1.0
1955,0,5773,0.5833333333333334
1956,0,5777,1.0
1957,0,5779,0.6766917293233083
1958,0,5780,1.0
1959,0,5781,0.7852822580645162
1960,0,5783,
1961,0,5787,
1962,0,5789,
1963,0,5790,1.0
1964,0,5793,0.5825946817082998
1965,0,5796,
1966,0,5798,
1967,0,5800,
1968,0,5801,
1969,0,5805,
1970,0,5808,0.0
1971,0,5809,0.7373737373737373
1972,0,5811,
1973,0,5812,
1974,0,5815,
1975,0,5817,0.8928571428571429
1976,0,5819,0.9
1977,0,5824,0.5
1978,0,5826,
1979,0,5827,0.5555555555555556
1980,0,5833,
1981,0,5834,
1982,0,5837,
1983,0,5839,0.42857142857142855
1984,0,5842,
1985,0,5843,0.625
1986,0,5849,0.9650000000000001
1987,0,5850,
1988,0,5854,
1989,0,5856,
1990,0,5865,
1991,0,5867,0.9642857142857143
1992,0,5871,0.8392857142857143
1993,0,5875,0.8472222222222222
1994,0,5877,1.0
1995,0,5883,
1996,0,5886,0.5
1997,0,5889,0.5
1998,0,5898,
1999,0,5901,0.7428571428571429
2000,0,5905,
2001,0,5907,0.6666666666666666
2002,0,5912,
2003,0,5914,
2004,0,5915,
2005,0,5917,
2006,0,5921,
2007,0,5923,0.7407407407407407
2008,0,5925,1.0
2009,0,5926,
2010,0,5929,0.368421052631579
2011,0,5932,1.0
2012,0,5937,
2013,0,5942,
2014,0,5944,1.0
2015,0,5945,
2016,0,5949,0.33333333333333337
2017,0,5951,1.0
2018,0,5954,
2019,0,5957,
2020,0,5961,
2021,0,5962,0.3333333333333333
2022,0,5963,
2023,0,5966,0.0
2024,0,5973,1.0
2025,0,5977,
2026,0,5978,
2027,0,5982,
2028,0,5983,
2029,0,5984,
2030,0,5985,0.8526785714285714
2031,0,5987,0.6666666666666667
2032,0,5988,
2033,0,5990,
2034,0,5995,
2035,0,5997,0.5
2036,0,6000,0.375
2037,0,6002,
2038,0,6003,0.0
2039,0,6005,0.0
2040,0,6007,0.4444444444444444
2041,0,6008,0.75
2042,0,6010,0.0
2043,0,6012,
2044,0,6014,0.75
2045,0,6018,
2046,0,6020,
2047,0,6021,
2048,0,6023,0.96875
2049,0,6026,
2050,0,6032,
2051,0,6034,
2052,0,6037,
2053,0,6050,0.75
2054,0,6051,
2055,0,6053,
2056,0,6054,0.7
2057,0,6060,0.7083333333333333
2058,0,6061,
2059,0,6065,0.2857142857142857
2060,0,6069,
2061,0,6072,
2062,0,6073,
2063,0,6074,1.0
2064,0,6080,
2065,0,6081,
2066,0,6082,0.875
2067,0,6083,0.838235294117647
2068,0,6088,
2069,0,6089,
2070,0,6090,
2071,0,6092,1.0
2072,0,6093,
2073,0,6100,
2074,0,6101,
2075,0,6102,1.0
2076,0,6104,0.7857142857142857
2077,0,6105,1.0
2078,0,6108,
2079,0,6113,1.0
2080,0,6117,0.3333333333333333
2081,0,6124,
2082,0,6126,1.0
2083,0,6130,
2084,0,6131,
2085,0,6134,0.5
2086,0,6135,
2087,0,6137,
2088,0,6138,0.5416666666666666
2089,0,6140,
2090,0,6149,0.2142857142857143
2091,0,6151,
2092,0,6153,1.0
2093,0,6154,1.0
2094,0,6158,
2095,0,6159,
2096,0,6165,
2097,0,6168,
2098,0,6169,
2099,0,6173,0.6666666666666666
2100,0,6174,0.8333333333333333
2101,0,6175,1.0
2102,0,6178,0.5492592592592593
2103,0,6179,0.9500000000000001
2104,0,6180,
2105,0,6185,0.5
2106,0,6187,
2107,0,6190,1.0
2108,0,6193,1.0
2109,0,6196,
2110,0,6197,
2111,0,6200,1.0
2112,0,6211,
2113,0,6214,0.6666666666666667
2114,0,6216,1.0
2115,0,6218,
2116,0,6219,0.9583333333333334
2117,0,6222,0.0625
2118,0,6224,
2119,0,6225,0.7532206119162641
2120,0,6226,1.0
2121,0,6230,
2122,0,6235,
2123,0,6237,
2124,0,6238,1.0
2125,0,6241,
2126,0,6245,0.6923076923076923
2127,0,6246,
2128,0,6249,0.525
2129,0,6250,
2130,0,6253,
2131,0,6256,
2132,0,6259,1.0
2133,0,6261,0.9761904761904763
2134,0,6262,0.9013605442176871
2135,0,6267,0.9743589743589745
2136,0,6271,0.9791666666666666
2137,0,6272,
2138,0,6273,
2139,0,6274,
2140,0,6279,
2141,0,6281,
2142,0,6282,
2143,0,6283,
2144,0,6286,
2145,0,6290,
2146,0,6293,
2147,0,6302,0.7726482213438735
2148,0,6306,1.0
2149,0,6307,
2150,0,6309,
2151,0,6310,
2152,0,6311,0.9160794362588084
2153,0,6312,1.0
2154,0,6322,
2155,0,6324,
2156,0,6330,0.8424833110814418
2157,0,6333,
2158,0,6334,0.0
2159,0,6337,1.0
2160,0,6338,0.8333333333333334
2161,0,6339,0.0
2162,0,6347,0.7272727272727273
2163,0,6349,
2164,0,6353,
2165,0,6355,0.0
2166,0,6356,
2167,0,6358,
2168,0,6361,1.0
2169,0,6362,0.6666666666666667
2170,0,6364,1.0
2171,0,6372,0.0
2172,0,6373,0.6666666666666667
2173,0,6379,
2174,0,6381,0.8571428571428571
2175,0,6385,
2176,0,6387,
2177,0,6394,
2178,0,6396,
2179,0,6397,
2180,0,6403,
2181,0,6405,1.0
2182,0,6406,
2183,0,6408,0.75
2184,0,6409,0.5
2185,0,6410,0.5625
2186,0,6411,0.7078695652173913
2187,0,6415,
2188,0,6427,0.6225746268656717
2189,0,6429,
2190,0,6432,
2191,0,6433,0.6666666666666667
2192,0,6434,
2193,0,6436,0.5
2194,0,6438,1.0
2195,0,6439,
2196,0,6440,
2197,0,6451,0.6766666666666667
2198,0,6462,
2199,0,6467,
2200,0,6470,
2201,0,6475,
2202,0,6478,
2203,0,6485,0.5238095238095238
2204,0,6486,
2205,0,6491,0.8571428571428572
2206,0,6492,0.33333333333333337
2207,0,6494,
2208,0,6501,
2209,0,6503,
2210,0,6507,
2211,0,6509,0.6666666666666667
2212,0,6516,
2213,0,6517,
2214,0,6520,
2215,0,6523,0.46111111111111114
2216,0,6525,0.4027777777777778
2217,0,6526,
2218,0,6530,0.7222222222222222
2219,0,6534,
2220,0,6536,
2221,0,6539,
2222,0,6540,
2223,0,6546,0.8119658119658119
2224,0,6547,
2225,0,6548,
2226,0,6551,0.9074074074074073
2227,0,6553,0.6346153846153846
2228,0,6555,
2229,0,6556,
2230,0,6557,
2231,0,6560,1.0
2232,0,6562,1.0
2233,0,6564,
2234,0,6565,
2235,0,6566,1.0
2236,0,6573,
2237,0,6576,
2238,0,6581,
2239,0,6582,
2240,0,6583,0.75
2241,0,6589,
2242,0,6596,
2243,0,6597,1.0
2244,0,6599,
2245,0,6600,
2246,0,6601,
2247,0,6602,
2248,0,6605,
2249,0,6606,
2250,0,6608,1.0
2251,0,6610,0.5
2252,0,6624,
2253,0,6625,0.8333333333333333
2254,0,6627,0.8571428571428572
2255,0,6629,
2256,0,6630,0.6612903225806451
2257,0,6634,0.5
2258,0,6637,
2259,0,6642,
2260,0,6644,
2261,0,6645,
2262,0,6654,
2263,0,6655,0.9027777777777778
2264,0,6656,
2265,0,6659,1.0
2266,0,6660,
2267,0,6664,
2268,0,6665,
2269,0,6668,1.0
2270,0,6671,0.25
2271,0,6672,
2272,0,6679,0.5681818181818181
2273,0,6686,
2274,0,6688,1.0
2275,0,6690,0.5
2276,0,6698,
2277,0,6699,
2278,0,6702,1.0
2279,0,6704,0.5665796344647519
2280,0,6706,1.0
2281,0,6707,1.0
2282,0,6709,
2283,0,6714,
2284,0,6717,
2285,0,6719,0.5
2286,0,6722,
2287,0,6723,
2288,0,6725,1.0
2289,0,6726,
2290,0,6727,
2291,0,6731,
2292,0,6734,
2293,0,6741,
2294,0,6742,0.3275862068965517
2295,0,6743,
2296,0,6748,
2297,0,6750,
2298,0,6752,
2299,0,6755,0.7142857142857143
2300,0,6757,
2301,0,6758,0.9615384615384616
2302,0,6760,0.9500000000000001
2303,0,6765,0.8425925925925926
2304,0,6769,
2305,0,6774,1.0
2306,0,6775,
2307,0,6776,1.0
2308,0,6778,0.7333333333333334
2309,0,6779,
2310,0,6781,
2311,0,6784,
2312,0,6791,
2313,0,6792,
2314,0,6795,0.8571428571428571
2315,0,6798,0.6041666666666666
2316,0,6800,1.0
2317,0,6801,0.16666666666666669
2318,0,6802,1.0
2319,0,6803,
2320,0,6804,
2321,0,6805,0.9605263157894737
2322,0,6806,
2323,0,6807,
2324,0,6808,
2325,0,6812,
2326,0,6816,0.6875
2327,0,6817,
2328,0,6821,
2329,0,6829,0.0
2330,0,6832,
2331,0,6839,
2332,0,6841,
2333,0,6842,
2334,0,6844,
2335,0,6852,
2336,0,6854,
2337,0,6856,
2338,0,6859,
2339,0,6863,
2340,0,6864,0.9090909090909091
2341,0,6866,
2342,0,6869,
2343,0,6874,
2344,0,6881,
2345,0,6884,
2346,0,6886,0.9285714285714286
2347,0,6887,
2348,0,6888,0.8531941031941033
2349,0,6890,0.0
2350,0,6898,
2351,0,6902,
2352,0,6903,
2353,0,6905,
2354,0,6906,1.0
2355,0,6909,1.0
2356,0,6912,
2357,0,6913,1.0
2358,0,6916,1.0
2359,0,6918,0.30000000000000004
2360,0,6921,
2361,0,6928,0.5010775862068966
2362,0,6929,0.5151515151515151
2363,0,6930,
2364,0,6932,
2365,0,6934,
2366,0,6935,
2367,0,6936,
2368,0,6948,
2369,0,6952,
2370,0,6953,
2371,0,6954,1.0
2372,0,6960,1.0
2373,0,6962,0.6293859649122807
2374,0,6964,
2375,0,6968,
2376,0,6971,0.625
2377,0,6974,
2378,0,6978,0.8571428571428572
2379,0,6981,
2380,0,6983,
2381,0,6989,
2382,0,6993,
2383,0,6995,0.0
2384,0,6997,1.0
2385,0,7000,0.8148148148148148
2386,0,7001,
2387,0,7003,0.8333333333333334
2388,0,7006,0.6666666666666666
2389,0,7010,0.5
2390,0,7011,
2391,0,7016,
2392,0,7023,0.9545454545454545
2393,0,7026,
2394,0,7029,0.6666666666666667
2395,0,7031,
2396,0,7032,0.0
2397,0,7036,
2398,0,7044,
2399,0,7046,0.6304347826086957
2400,0,7053,1.0
2401,0,7056,
2402,0,7062,1.0
2403,0,7064,1.0
2404,0,7068,
2405,0,7074,0.2666666666666667
2406,0,7076,
2407,0,7079,
2408,0,7088,0.8141258318209317
2409,0,7089,
2410,0,7090,
2411,0,7092,
2412,0,7098,
2413,0,7099,
2414,0,7106,
2415,0,7107,1.0
2416,0,7109,0.6129032258064516
2417,0,7112,0.9230769230769231
2418,0,7113,
2419,0,7114,
2420,0,7115,
2421,0,7120,0.9166666666666666
2422,0,7124,
2423,0,7125,
2424,0,7126,0.19999999999999996
2425,0,7127,1.0
2426,0,7128,
2427,0,7130,
2428,0,7132,0.11111111111111112
2429,0,7133,1.0
2430,0,7139,
2431,0,7140,
2432,0,7142,0.629973474801061
2433,0,7143,
2434,0,7150,0.7
2435,0,7151,
2436,0,7152,
2437,0,7153,0.6666666666666667
2438,0,7157,0.4444444444444444
2439,0,7163,
2440,0,7165,0.9144927536231884
2441,0,7168,
2442,0,7170,0.9375
2443,0,7171,1.0
2444,0,7174,
2445,0,7177,1.0
2446,0,7180,
2447,0,7188,
2448,0,7191,0.96
2449,0,7193,0.8266666666666667
2450,0,7194,0.0
2451,0,7195,0.6785714285714286
2452,0,7196,0.75
2453,0,7198,
2454,0,7199,1.0
2455,0,7200,
2456,0,7204,
2457,0,7206,
2458,0,7210,1.0
2459,0,7211,0.444812362030905
2460,0,7217,
2461,0,7222,1.0
2462,0,7223,0.8043478260869565
2463,0,7224,0.8886363636363637
2464,0,7226,
2465,0,7228,
2466,0,7240,0.8703703703703703
2467,0,7243,0.5
2468,0,7246,
2469,0,7249,0.6190476190476191
2470,0,7253,1.0
2471,0,7254,0.7333333333333333
2472,0,7257,
2473,0,7259,
2474,0,7261,
2475,0,7262,0.5
2476,0,7264,
2477,0,7267,
2478,0,7270,0.0
2479,0,7273,
2480,0,7280,
2481,0,7281,
2482,0,7283,0.33333333333333337
2483,0,7284,
2484,0,7290,
2485,0,7294,
2486,0,7301,
2487,0,7303,
2488,0,7305,0.9821428571428571
2489,0,7314,0.6203703703703705
2490,0,7316,0.6874999999999999
2491,0,7317,
2492,0,7321,
2493,0,7324,
2494,0,7325,0.5892857142857143
2495,0,7326,
2496,0,7330,
2497,0,7331,1.0
2498,0,7333,
2499,0,7338,
2500,0,7339,
2501,0,7340,0.9821428571428571
2502,0,7349,
2503,0,7352,1.0
2504,0,7356,
2505,0,7359,
2506,0,7365,
2507,0,7366,
2508,0,7367,
2509,0,7368,
2510,0,7376,1.0
2511,0,7377,0.7500000000000001
2512,0,7380,1.0
2513,0,7383,0.611111111111111
2514,0,7385,
2515,0,7386,
2516,0,7387,0.6666666666666667
2517,0,7392,0.9411764705882353
2518,0,7393,0.6
2519,0,7394,
2520,0,7395,
2521,0,7399,0.3333333333333333
2522,0,7401,
2523,0,7404,
2524,0,7406,
2525,0,7407,
2526,0,7408,0.875
2527,0,7410,0.4444444444444444
2528,0,7411,
2529,0,7412,0.674074074074074
2530,0,7413,
2531,0,7414,0.6470588235294117
2532,0,7415,
2533,0,7419,0.7
2534,0,7420,
2535,0,7423,
2536,0,7424,0.7281976744186046
2537,0,7425,
2538,0,7428,
2539,0,7431,0.5
2540,0,7432,
2541,0,7433,1.0
2542,0,7434,0.5
2543,0,7440,
2544,0,7441,1.0
2545,0,7442,
2546,0,7443,
2547,0,7449,0.7307692307692308
2548,0,7450,
2549,0,7451,
2550,0,7452,
2551,0,7456,
2552,0,7457,0.9444444444444444
2553,0,7458,
2554,0,7460,0.8541666666666666
2555,0,7461,
2556,0,7467,
2557,0,7468,0.9019607843137254
2558,0,7470,0.8928571428571429
2559,0,7474,
2560,0,7478,0.9583333333333333
2561,0,7480,
2562,0,7482,
2563,0,7486,1.0
2564,0,7487,0.5995348837209302
2565,0,7489,
2566,0,7494,
2567,0,7495,
2568,0,7497,
2569,0,7500,
2570,0,7506,0.6666666666666667
2571,0,7512,
2572,0,7514,1.0
2573,0,7517,
2574,0,7524,1.0
2575,0,7526,1.0
2576,0,7527,
2577,0,7528,0.5833333333333334
2578,0,7536,
2579,0,7538,1.0
2580,0,7542,0.5
2581,0,7544,
2582,0,7547,1.0
2583,0,7549,0.875
2584,0,7554,
2585,0,7556,
2586,0,7559,
2587,0,7560,
2588,0,7562,0.8058943089430894
2589,0,7563,1.0
2590,0,7564,
2591,0,7570,
2592,0,7573,0.33333333333333337
2593,0,7580,
2594,0,7585,
2595,0,7591,
2596,0,7600,
2597,0,7602,
2598,0,7604,
2599,0,7605,0.85
2600,0,7610,0.6350292172708063
2601,0,7613,
2602,0,7619,0.5
2603,0,7622,
2604,0,7623,
2605,0,7624,
2606,0,7633,0.8
2607,0,7634,
2608,0,7640,
2609,0,7641,1.0
2610,0,7643,
2611,0,7648,0.0
2612,0,7650,
2613,0,7651,0.4
2614,0,7652,
2615,0,7655,
2616,0,7659,0.98
2617,0,7661,
2618,0,7664,0.7411764705882352
2619,0,7666,
2620,0,7668,0.0
2621,0,7675,0.6666666666666667
2622,0,7682,
2623,0,7686,
2624,0,7689,
2625,0,7691,0.225
2626,0,7692,0.5
2627,0,7700,
2628,0,7701,
2629,0,7704,0.5454545454545454
2630,0,7705,
2631,0,7708,1.0
2632,0,7712,0.25
2633,0,7714,0.0
2634,0,7716,
2635,0,7717,
2636,0,7718,
2637,0,7721,0.4
2638,0,7732,
2639,0,7735,
2640,0,7736,
2641,0,7737,0.10197663971248877
2642,0,7740,0.625
2643,0,7741,1.0
2644,0,7742,
2645,0,7752,
2646,0,7754,0.6
2647,0,7756,
2648,0,7760,0.5714285714285714
2649,0,7761,0.29999999999999993
2650,0,7767,
2651,0,7769,0.9230769230769231
2652,0,7770,0.5
2653,0,7771,
2654,0,7772,
2655,0,7775,
2656,0,7779,
2657,0,7784,1.0
2658,0,7787,
2659,0,7789,
2660,0,7796,
2661,0,7800,
2662,0,7805,
2663,0,7808,1.0
2664,0,7811,1.0
2665,0,7812,
2666,0,7824,
2667,0,7828,
2668,0,7833,0.74
2669,0,7837,0.975609756097561
2670,0,7838,
2671,0,7839,
2672,0,7840,1.0
2673,0,7842,0.9047619047619048
2674,0,7846,
2675,0,7855,0.8529411764705883
2676,0,7856,0.8333333333333334
2677,0,7857,
2678,0,7858,
2679,0,7863,0.75
2680,0,7868,0.7727272727272727
2681,0,7870,0.75
2682,0,7871,
2683,0,7872,
2684,0,7877,1.0
2685,0,7879,0.6666666666666666
2686,0,7880,0.0
2687,0,7881,
2688,0,7882,0.9596774193548386
2689,0,7884,0.19999999999999996
2690,0,7888,
2691,0,7889,
2692,0,7893,0.5
2693,0,7894,
2694,0,7897,0.33636363636363636
2695,0,7898,1.0
2696,0,7899,
2697,0,7900,
2698,0,7901,
2699,0,7902,0.4375
2700,0,7906,
2701,0,7909,
2702,0,7910,
2703,0,7914,
2704,0,7915,
2705,0,7918,
2706,0,7925,
2707,0,7929,0.9705882352941176
2708,0,7930,1.0
2709,0,7934,0.9333333333333333
2710,0,7936,
2711,0,7937,
2712,0,7939,
2713,0,7940,
2714,0,7941,
2715,0,7947,
2716,0,7949,
2717,0,7952,
2718,0,7957,
2719,0,7958,
2720,0,7959,0.6005639097744361
2721,0,7963,
2722,0,7964,
2723,0,7967,0.06190476190476191
2724,0,7968,0.0
2725,0,7969,0.9166666666666667
2726,0,7971,0.9615384615384616
2727,0,7972,
2728,0,7974,0.6906976744186046
2729,0,7983,
2730,0,7984,
2731,0,7985,1.0
2732,0,7988,1.0
2733,0,7991,0.0
2734,0,7993,0.9761904761904762
2735,0,7996,0.9615384615384616
2736,0,7998,
2737,0,7999,
2738,0,8001,
2739,0,8002,0.2
2740,0,8004,0.4880952380952381
2741,0,8006,0.32352941176470584
2742,0,8011,0.8888888888888888
2743,0,8016,
2744,0,8019,
2745,0,8021,
2746,0,8023,
2747,0,8025,1.0
2748,0,8027,
2749,0,8036,
2750,0,8037,0.9375
2751,0,8046,
2752,0,8049,0.5
2753,0,8050,0.823529411764706
2754,0,8058,1.0
2755,0,8061,1.0
2756,0,8062,0.7592592592592593
2757,0,8064,0.6785714285714285
2758,0,8067,0.6608024691358024
2759,0,8069,0.4823529411764706
2760,0,8070,
2761,0,8071,
2762,0,8072,
2763,0,8073,0.6666666666666667
2764,0,8076,0.9655172413793104
2765,0,8082,
2766,0,8083,0.9333333333333333
2767,0,8090,
2768,0,8093,
2769,0,8094,0.0
2770,0,8096,1.0
2771,0,8097,
2772,0,8099,
2773,0,8100,
2774,0,8103,
2775,0,8112,0.9272727272727272
2776,0,8113,
2777,0,8117,
2778,0,8126,
2779,0,8127,0.19999999999999996
2780,0,8129,
2781,0,8130,0.8724939855653568
2782,0,8132,0.6277777777777778
2783,0,8133,0.5666666666666667
2784,0,8134,1.0
2785,0,8135,1.0
2786,0,8143,
2787,0,8146,0.19999999999999996
2788,0,8149,0.8274456521739131
2789,0,8150,0.875
2790,0,8153,0.8333333333333334
2791,0,8155,
2792,0,8156,0.630382775119617
2793,0,8157,
2794,0,8159,
2795,0,8162,
2796,0,8168,
2797,0,8173,0.7777777777777777
2798,0,8175,
2799,0,8183,0.6666666666666667
2800,0,8185,
2801,0,8192,0.6330657542659122
2802,0,8193,0.2857142857142857
2803,0,8195,0.0
2804,0,8197,
2805,0,8198,
2806,0,8203,1.0
2807,0,8204,
2808,0,8211,0.421875
2809,0,8212,
2810,0,8214,
2811,0,8218,1.0
2812,0,8221,0.7804878048780488
2813,0,8222,
2814,0,8233,
2815,0,8235,
2816,0,8241,
2817,0,8245,0.33333333333333337
2818,0,8255,
2819,0,8260,1.0
2820,0,8261,0.6666666666666667
2821,0,8271,1.0
2822,0,8276,
2823,0,8279,
2824,0,8280,
2825,0,8283,0.5625
2826,0,8284,
2827,0,8286,1.0
2828,0,8288,
2829,0,8290,0.6666666666666667
2830,0,8292,0.0
2831,0,8295,0.5320686540198735
2832,0,8298,0.6666666666666667
2833,0,8300,
2834,0,8303,
2835,0,8304,
2836,0,8311,0.25
2837,0,8313,
2838,0,8314,0.5
2839,0,8315,
2840,0,8318,
2841,0,8321,0.46557971014492755
2842,0,8323,
2843,0,8324,1.0
2844,0,8326,1.0
2845,0,8328,
2846,0,8333,0.9999999999999999
2847,0,8334,
2848,0,8335,1.0
2849,0,8336,
2850,0,8337,
2851,0,8339,1.0
2852,0,8340,
2853,0,8343,
2854,0,8346,
2855,0,8348,
2856,0,8351,
2857,0,8352,
2858,0,8360,0.0
2859,0,8361,0.6944444444444444
2860,0,8362,1.0
2861,0,8364,0.33333333333333337
2862,0,8368,
2863,0,8371,0.6346153846153846
2864,0,8373,0.75
2865,0,8381,
2866,0,8384,1.0
2867,0,8385,
2868,0,8388,
2869,0,8389,1.0
2870,0,8390,
2871,0,8392,
2872,0,8393,0.5
2873,0,8394,0.6602564102564102
2874,0,8396,
2875,0,8398,0.9583333333333333
2876,0,8399,1.0
2877,0,8400,
2878,0,8403,
2879,0,8410,
2880,0,8417,0.5
2881,0,8420,1.0
2882,0,8421,
2883,0,8425,
2884,0,8428,1.0
2885,0,8430,
2886,0,8433,1.0
2887,0,8435,
2888,0,8436,
2889,0,8441,
2890,0,8446,
2891,0,8447,
2892,0,8451,
2893,0,8458,
2894,0,8461,0.6703296703296703
2895,0,8462,
2896,0,8465,
2897,0,8467,1.0
2898,0,8470,
2899,0,8471,
2900,0,8478,
2901,0,8484,0.9763157894736842
2902,0,8486,
2903,0,8488,
2904,0,8491,
2905,0,8492,0.8125
2906,0,8493,0.30000000000000004
2907,0,8495,0.6666666666666667
2908,0,8497,
2909,0,8498,
2910,0,8503,
2911,0,8505,0.9871794871794871
2912,0,8507,
2913,0,8509,1.0
2914,0,8511,
2915,0,8514,1.0
2916,0,8516,0.0
2917,0,8517,0.7285714285714286
2918,0,8519,
2919,0,8526,
2920,0,8530,
2921,0,8531,
2922,0,8535,0.875
2923,0,8539,
2924,0,8541,
2925,0,8547,
2926,0,8550,0.7272727272727273
2927,0,8551,
2928,0,8554,0.6666666666666667
2929,0,8556,0.9736842105263158
2930,0,8560,
2931,0,8565,
2932,0,8566,0.8666666666666667
2933,0,8569,
2934,0,8570,
2935,0,8571,0.875
2936,0,8574,
2937,0,8575,
2938,0,8578,0.19999999999999996
2939,0,8579,
2940,0,8581,0.7115384615384615
2941,0,8583,
2942,0,8586,1.0
2943,0,8587,
2944,0,8588,0.8666666666666666
2945,0,8591,0.6666666666666667
2946,0,8592,0.8193167305236271
2947,0,8598,
2948,0,8600,
2949,0,8603,
2950,0,8604,
2951,0,8608,
2952,0,8611,0.4375
2953,0,8613,
2954,0,8616,0.25
2955,0,8617,1.0
2956,0,8618,0.6346491228070176
2957,0,8619,
2958,0,8620,0.6666666666666667
2959,0,8624,
2960,0,8626,0.6
2961,0,8627,0.6630434782608696
2962,0,8628,
2963,0,8634,
2964,0,8639,0.1842105263157895
2965,0,8640,0.20588235294117646
2966,0,8641,0.9673076923076923
2967,0,8642,
2968,0,8644,
2969,0,8649,
2970,0,8650,
2971,0,8651,
2972,0,8657,
2973,0,8660,1.0
2974,0,8667,
2975,0,8669,
2976,0,8670,
2977,0,8671,
2978,0,8677,
2979,0,8682,
2980,0,8684,1.0
2981,0,8689,0.640625
2982,0,8692,0.0
2983,0,8694,
2984,0,8698,1.0
2985,0,8699,1.0
2986,0,8704,
2987,0,8706,
2988,0,8714,
2989,0,8716,0.0
2990,0,8719,0.8181818181818181
2991,0,8721,
2992,0,8728,1.0
2993,0,8732,0.8434343434343434
2994,0,8733,
2995,0,8734,
2996,0,8740,1.0
2997,0,8742,0.8939393939393939
2998,0,8746,
2999,0,8748,
3000,0,8751,0.0
3001,0,8754,0.09999999999999998
3002,0,8758,
3003,0,8761,1.0
3004,0,8762,
3005,0,8766,
3006,0,8767,
3007,0,8769,1.0
3008,0,8775,
3009,0,8776,1.0
3010,0,8778,
3011,0,8781,
3012,0,8782,
3013,0,8787,0.0
3014,0,8791,
3015,0,8793,
3016,0,8795,1.0
3017,0,8810,
3018,0,8811,0.6547619047619048
3019,0,8814,0.5
3020,0,8821,0.8846153846153846
3021,0,8822,1.0
3022,0,8824,
3023,0,8827,
3024,0,8829,0.08333333333333337
3025,0,8831,0.5
3026,0,8832,1.0
3027,0,8833,
3028,0,8841,
3029,0,8842,0.7111111111111111
3030,0,8843,
3031,0,8844,1.0
3032,0,8846,
3033,0,8847,0.7142857142857142
3034,0,8848,
3035,0,8851,
3036,0,8852,
3037,0,8855,
3038,0,8858,
3039,0,8860,0.6642857142857144
3040,0,8866,
3041,0,8868,
3042,0,8874,1.0
3043,0,8883,
3044,0,8884,
3045,0,8887,0.9841269841269841
3046,0,8893,
3047,0,8900,
3048,0,8902,1.0
3049,0,8905,
3050,0,8906,
3051,0,8909,
3052,0,8910,
3053,0,8912,
3054,0,8914,
3055,0,8920,
3056,0,8929,0.0
3057,0,8931,
3058,0,8933,0.0
3059,0,8937,0.75
3060,0,8940,
3061,0,8943,0.875
3062,0,8947,1.0
3063,0,8948,
3064,0,8951,
3065,0,8952,0.7742956631845521
3066,0,8956,
3067,0,8957,0.836021505376344
3068,0,8958,1.0
3069,0,8961,
3070,0,8962,
3071,0,8963,0.9710144927536232
3072,0,8965,
3073,0,8966,
3074,0,8971,1.0
3075,0,8973,
3076,0,8975,0.9454545454545454
3077,0,8977,
3078,0,8978,1.0
3079,0,8980,
3080,0,8983,1.0
3081,0,8985,1.0
3082,0,8986,
3083,0,8989,
3084,0,8990,
3085,0,8996,
3086,0,8998,0.7268177028451
3087,0,8999,
3088,0,9000,
3089,0,9001,0.0
3090,0,9006,
3091,0,9010,1.0
3092,0,9011,
3093,0,9015,0.4333333333333333
3094,0,9017,0.75
3095,0,9022,
3096,0,9026,1.0
3097,0,9029,
3098,0,9035,1.0
3099,0,9039,
3100,0,9041,0.0
3101,0,9045,
3102,0,9053,0.13636363636363635
3103,0,9055,1.0
3104,0,9057,1.0
3105,0,9058,
3106,0,9068,
3107,0,9072,
3108,0,9079,
3109,0,9080,
3110,0,9081,
3111,0,9082,
3112,0,9083,0.19546178343949042
3113,0,9086,
3114,0,9090,1.0
3115,0,9093,
3116,0,9094,0.8653846153846154
3117,0,9102,1.0
3118,0,9103,
3119,0,9104,0.3035714285714286
3120,0,9108,1.0
3121,0,9112,1.0
3122,0,9113,0.48484848484848486
3123,0,9118,
3124,0,9119,1.0
3125,0,9120,0.5
3126,0,9121,
3127,0,9126,
3128,0,9130,0.6666666666666667
3129,0,9134,1.0
3130,0,9135,
3131,0,9139,
3132,0,9147,
3133,0,9150,
3134,0,9151,
3135,0,9154,1.0
3136,0,9158,0.7702380952380952
3137,0,9159,0.05555555555555558
3138,0,9161,0.8333333333333333
3139,0,9163,
3140,0,9167,
3141,0,9171,
3142,0,9172,1.0
3143,0,9176,0.463855421686747
3144,0,9180,0.9090909090909091
3145,0,9186,
3146,0,9190,
3147,0,9191,
3148,0,9194,
3149,0,9195,
3150,0,9200,
3151,0,9205,1.0
3152,0,9208,0.7525773195876289
3153,0,9219,
3154,0,9220,
3155,0,9222,
3156,0,9226,
3157,0,9231,1.0
3158,0,9232,
3159,0,9237,
3160,0,9240,0.6666666666666667
3161,0,9243,
3162,0,9247,
3163,0,9251,1.0
3164,0,9253,
3165,0,9254,0.33333333333333337
3166,0,9256,
3167,0,9258,0.0
3168,0,9260,
3169,0,9261,
3170,0,9262,
3171,0,9264,
3172,0,9266,
3173,0,9275,0.8775510204081632
3174,0,9280,
3175,0,9281,0.9642857142857143
3176,0,9284,
3177,0,9285,0.71875
3178,0,9289,0.8666666666666667
3179,0,9292,0.8333333333333334
3180,0,9293,0.875
3181,0,9300,
3182,0,9301,0.0
3183,0,9307,
3184,0,9308,
3185,0,9309,
3186,0,9310,0.538888888888889
3187,0,9314,1.0
3188,0,9315,
3189,0,9317,0.5
3190,0,9324,
3191,0,9326,
3192,0,9329,
3193,0,9331,
3194,0,9334,
3195,0,9336,1.0
3196,0,9338,
3197,0,9340,
3198,0,9343,0.0
3199,0,9344,0.16666666666666669
3200,0,9346,
3201,0,9350,0.5833333333333334
3202,0,9351,
3203,0,9357,1.0
3204,0,9359,1.0
3205,0,9365,
3206,0,9367,1.0
3207,0,9369,1.0
3208,0,9371,
3209,0,9373,0.9230769230769231
3210,0,9374,
3211,0,9377,0.7142857142857143
3212,0,9381,
3213,0,9382,
3214,0,9388,
3215,0,9391,0.4652014652014652
3216,0,9392,0.0
3217,0,9394,
3218,0,9396,1.0
3219,0,9397,
3220,0,9398,
3221,0,9399,0.47058823529411764
3222,0,9402,
3223,0,9403,
3224,0,9405,0.6111111111111112
3225,0,9409,1.0
3226,0,9413,
3227,0,9415,
3228,0,9416,
3229,0,9417,
3230,0,9418,
3231,0,9429,1.0
3232,0,9431,
3233,0,9436,
3234,0,9439,0.9250936329588015
3235,0,9448,
3236,0,9451,1.0
3237,0,9457,0.5
3238,0,9461,0.9616788321167883
3239,0,9466,
3240,0,9473,
3241,0,9480,0.6666666666666667
3242,0,9484,
3243,0,9487,0.6477987421383647
3244,0,9489,
3245,0,9490,1.0
3246,0,9492,
3247,0,9494,0.5673076923076923
3248,0,9495,0.75
3249,0,9504,0.8902439024390245
3250,0,9505,0.853448275862069
3251,0,9506,
3252,0,9508,
3253,0,9509,
3254,0,9514,0.5
3255,0,9518,
3256,0,9525,0.0
3257,0,9526,0.0
3258,0,9527,
3259,0,9531,0.75
3260,0,9534,0.65
3261,0,9537,
3262,0,9540,
3263,0,9541,
3264,0,9549,0.0
3265,0,9553,0.799404761904762
3266,0,9555,
3267,0,9560,0.7
3268,0,9564,
3269,0,9566,
3270,0,9570,1.0
3271,0,9576,1.0
3272,0,9578,
3273,0,9580,0.8571428571428571
3274,0,9589,0.6281453867660765
3275,0,9590,0.8478260869565217
3276,0,9601,
3277,0,9602,
3278,0,9603,
3279,0,9606,
3280,0,9608,
3281,0,9614,0.8562937231630241
3282,0,9616,
3283,0,9618,0.11111111111111116
3284,0,9620,
3285,0,9621,0.1470588235294118
3286,0,9624,1.0
3287,0,9626,
3288,0,9627,
3289,0,9628,
3290,0,9630,
3291,0,9631,
3292,0,9647,0.4523809523809524
3293,0,9650,
3294,0,9657,
3295,0,9659,
3296,0,9661,
3297,0,9662,0.5
3298,0,9665,0.6923076923076923
3299,0,9669,0.16666666666666663
3300,0,9671,0.8333333333333334
3301,0,9673,
3302,0,9675,
3303,0,9677,
3304,0,9680,0.6458333333333333
3305,0,9684,
3306,0,9685,0.7033799533799534
3307,0,9688,
3308,0,9695,
3309,0,9696,1.0
3310,0,9699,
3311,0,9708,
3312,0,9709,
3313,0,9716,0.9375
3314,0,9720,
3315,0,9722,
3316,0,9724,
3317,0,9725,
3318,0,9726,
3319,0,9727,
3320,0,9737,
3321,0,9739,
3322,0,9745,1.0
3323,0,9746,
3324,0,9747,0.90625
3325,0,9748,
3326,0,9749,
3327,0,9751,
3328,0,9759,0.5
3329,0,9760,
3330,0,9762,0.0
3331,0,9763,
3332,0,9764,0.36666666666666664
3333,0,9779,0.4
3334,0,9780,0.4281609195402299
3335,0,9785,
3336,0,9795,
3337,0,9801,
3338,0,9807,
3339,0,9809,
3340,0,9812,
3341,0,9813,
3342,0,9815,0.7777777777777778
3343,0,9817,
3344,0,9821,0.6666666666666667
3345,0,9822,
3346,0,9823,1.0
3347,0,9825,0.8888888888888888
3348,0,9826,
3349,0,9830,1.0
3350,0,9832,
3351,0,9839,0.25
3352,0,9841,
3353,0,9842,
3354,0,9846,
3355,0,9850,1.0
3356,0,9851,
3357,0,9852,
3358,0,9853,
3359,0,9854,0.5
3360,0,9856,
3361,0,9858,
3362,0,9862,
3363,0,9863,0.6666666666666667
3364,0,9866,
3365,0,9867,
3366,0,9868,
3367,0,9871,0.7455325340802383
3368,0,9872,
3369,0,9876,0.2857142857142857
3370,0,9879,
3371,0,9880,
3372,0,9884,0.8125
3373,0,9887,1.0
3374,0,9891,
3375,0,9892,1.0
3376,0,9897,
3377,0,9899,0.9375
3378,0,9902,
3379,0,9903,
3380,0,9904,1.0
3381,0,9908,
3382,0,9909,
3383,0,9911,0.16666666666666669
3384,0,9917,0.9285714285714285
3385,0,9918,
3386,0,9919,0.7321428571428572
3387,0,9922,0.906832298136646
3388,0,9925,
3389,0,9930,
3390,0,9933,0.33333333333333337
3391,0,9935,0.7647058823529411
3392,0,9939,
3393,0,9940,1.0
3394,0,9948,0.0
3395,0,9958,0.5
3396,0,9962,0.8
3397,0,9968,
3398,0,9971,0.0
3399,0,9972,0.9375
3400,0,9973,
3401,0,9979,
3402,0,9984,
3403,0,9985,
3404,0,9986,1.0
3405,0,9987,0.6839080459770114
3406,0,9988,
3407,0,9992,
3408,0,9995,
3409,0,9997,0.4
3410,0,9999,
3411,0,10005,
3412,0,10006,
3413,0,10009,1.0
3414,0,10012,0.9642857142857143
3415,0,10013,0.9
3416,0,10017,
3417,0,10023,
3418,0,10027,
3419,0,10029,0.5555555555555556
3420,0,10030,1.0
3421,0,10031,
3422,0,10036,0.0
3423,0,10038,1.0
3424,0,10043,0.4
3425,0,10044,
3426,0,10045,0.5555555555555556
3427,0,10048,
3428,0,10053,
3429,0,10054,
3430,0,10058,
3431,0,10062,0.8076923076923076
3432,0,10064,
3433,0,10066,
3434,0,10067,1.0
3435,0,10068,
3436,0,10070,
3437,0,10072,0.0
3438,0,10073,
3439,0,10075,
3440,0,10076,
3441,0,10084,
3442,0,10085,1.0
3443,0,10086,
3444,0,10087,0.5454545454545454
3445,0,10088,0.7142857142857143
3446,0,10091,
3447,0,10092,
3448,0,10095,
3449,0,10097,0.33333333333333337
3450,0,10099,
3451,0,10101,1.0
3452,0,10105,0.9032258064516129
3453,0,10106,
3454,0,10108,
3455,0,10109,
3456,0,10111,0.5757575757575757
3457,0,10112,
3458,0,10122,0.47619047619047616
3459,0,10123,
3460,0,10124,
3461,0,10125,
3462,0,10135,
3463,0,10140,1.0
3464,0,10143,0.9666666666666667
3465,0,10146,1.0
3466,0,10148,
3467,0,10152,1.0
3468,0,10156,
3469,0,10157,
3470,0,10161,
3471,0,10163,0.8095238095238095
3472,0,10164,0.5333333333333333
3473,0,10165,
3474,0,10174,0.95
3475,0,10176,1.0
3476,0,10177,1.0
3477,0,10180,
3478,0,10182,0.5938461538461538
3479,0,10185,0.6666666666666667
3480,0,10188,
3481,0,10189,
3482,0,10192,
3483,0,10193,
3484,0,10196,
3485,0,10197,0.75
3486,0,10199,
3487,0,10201,1.0
3488,0,10204,
3489,0,10206,0.9166666666666667
3490,0,10211,
3491,0,10212,0.4642857142857143
3492,0,10213,0.0
3493,0,10215,
3494,0,10218,
3495,0,10219,0.667644183773216
3496,0,10220,0.8541666666666666
3497,0,10223,1.0
3498,0,10225,1.0
3499,0,10226,
3500,0,10231,
3501,0,10232,
3502,0,10235,
3503,0,10237,
3504,0,10239,
3505,0,10245,0.8095238095238094
3506,0,10247,
3507,0,10249,
3508,0,10253,0.23076923076923073
3509,0,10255,0.5384615384615384
3510,0,10256,
3511,0,10258,
3512,0,10266,
3513,0,10267,
3514,0,10268,1.0
3515,0,10270,
3516,0,10273,0.75
3517,0,10275,
3518,0,10277,
3519,0,10279,
3520,0,10283,0.6666666666666667
3521,0,10284,
3522,0,10288,
3523,0,10292,
3524,0,10294,
3525,0,10295,
3526,0,10296,0.5
3527,0,10301,0.5384615384615384
3528,0,10302,0.6499999999999999
3529,0,10305,0.0
3530,0,10307,0.75
3531,0,10314,
3532,0,10317,
3533,0,10319,
3534,0,10320,0.9
3535,0,10333,
3536,0,10335,
3537,0,10336,0.9822222222222222
3538,0,10339,
3539,0,10344,0.6666666666666666
3540,0,10346,
3541,0,10348,
3542,0,10349,
3543,0,10354,0.25
3544,0,10356,
3545,0,10358,
3546,0,10362,
3547,0,10373,1.0
3548,0,10374,
3549,0,10378,0.875
3550,0,10382,
3551,0,10383,0.16666666666666669
3552,0,10384,
3553,0,10386,0.875
3554,0,10388,1.0
3555,0,10389,1.0
3556,0,10390,
3557,0,10394,1.0
3558,0,10398,
3559,0,10399,
3560,0,10400,0.0
3561,0,10401,
3562,0,10403,
3563,0,10405,1.0
3564,0,10407,
3565,0,10409,
3566,0,10411,
3567,0,10413,1.0
3568,0,10420,
3569,0,10421,0.6200787401574803
3570,0,10422,0.6666666666666667
3571,0,10424,1.0
3572,0,10427,
3573,0,10428,
3574,0,10435,
3575,0,10436,0.2666666666666667
3576,0,10440,1.0
3577,0,10446,
3578,0,10449,0.8115942028985508
3579,0,10451,
3580,0,10466,
3581,0,10469,
3582,0,10475,1.0
3583,0,10476,
3584,0,10478,
3585,0,10480,
3586,0,10481,0.625
3587,0,10484,
3588,0,10491,0.5925925925925926
3589,0,10494,1.0
3590,0,10496,0.5784313725490196
3591,0,10501,0.7708333333333333
3592,0,10504,0.8
3593,0,10512,
3594,0,10513,
3595,0,10517,0.95
3596,0,10518,0.8888888888888888
3597,0,10519,
3598,0,10520,0.6666666666666667
3599,0,10522,0.9
3600,0,10523,0.5714285714285714
3601,0,10528,0.6105263157894737
3602,0,10529,
3603,0,10530,
3604,0,10532,
3605,0,10534,0.9285714285714286
3606,0,10535,0.7247191011235955
3607,0,10536,
3608,0,10537,
3609,0,10538,
3610,0,10539,
3611,0,10543,
3612,0,10548,
3613,0,10549,0.6607142857142857
3614,0,10552,
3615,0,10555,
3616,0,10560,0.0
3617,0,10563,
3618,0,10566,
3619,0,10569,1.0
3620,0,10570,
3621,0,10571,
3622,0,10573,
3623,0,10576,
3624,0,10577,
3625,0,10578,1.0
3626,0,10579,
3627,0,10582,0.53125
3628,0,10583,
3629,0,10587,0.5
3630,0,10588,0.7962962962962964
3631,0,10590,1.0
3632,0,10603,
3633,0,10604,1.0
3634,0,10611,
3635,0,10614,0.1428571428571429
3636,0,10621,
3637,0,10624,
3638,0,10631,0.3695652173913043
3639,0,10632,
3640,0,10634,
3641,0,10637,0.6825396825396826
3642,0,10638,0.9008264462809917
3643,0,10640,0.45652173913043476
3644,0,10641,1.0
3645,0,10643,
3646,0,10644,
3647,0,10647,
3648,0,10655,
3649,0,10656,0.9573333333333334
3650,0,10661,
3651,0,10665,0.8735558408215661
3652,0,10666,
3653,0,10684,
3654,0,10686,1.0
3655,0,10688,
3656,0,10691,1.0
3657,0,10696,0.4671717171717172
3658,0,10697,0.6062500000000001
3659,0,10698,
3660,0,10699,1.0
3661,0,10704,
3662,0,10706,
3663,0,10713,
3664,0,10714,
3665,0,10715,
3666,0,10717,
3667,0,10719,1.0
3668,0,10722,
3669,0,10726,
3670,0,10727,
3671,0,10728,0.125
3672,0,10729,0.4375
3673,0,10740,
3674,0,10741,
3675,0,10742,
3676,0,10744,
3677,0,10745,0.5480769230769231
3678,0,10748,
3679,0,10752,
3680,0,10753,
3681,0,10754,
3682,0,10757,1.0
3683,0,10759,
3684,0,10762,1.0
3685,0,10763,
3686,0,10764,
3687,0,10766,1.0
3688,0,10767,0.6666666666666667
3689,0,10768,
3690,0,10773,0.75
3691,0,10774,0.9354838709677419
3692,0,10780,0.65625
3693,0,10787,
3694,0,10788,0.2068965517241379
3695,0,10797,
3696,0,10800,0.6530612244897959
3697,0,10801,
3698,0,10805,
3699,0,10808,
3700,0,10811,0.76
3701,0,10812,1.0
3702,0,10813,
3703,0,10814,1.0
3704,0,10815,0.9642857142857143
3705,0,10816,0.375
3706,0,10819,
3707,0,10822,1.0
3708,0,10828,0.5555555555555556
3709,0,10836,1.0
3710,0,10838,
3711,0,10844,
3712,0,10846,
3713,0,10848,0.7083333333333333
3714,0,10850,0.35714285714285715
3715,0,10851,0.3529411764705882
3716,0,10853,0.5
3717,0,10857,
3718,0,10858,
3719,0,10861,
3720,0,10863,
3721,0,10871,
3722,0,10874,0.7619047619047619
3723,0,10875,0.9166666666666666
3724,0,10880,
3725,0,10882,
3726,0,10888,1.0
3727,0,10895,
3728,0,10898,
3729,0,10905,0.9393939393939393
3730,0,10908,1.0
3731,0,10909,
3732,0,10910,0.8490756381381381
3733,0,10914,1.0
3734,0,10918,
3735,0,10920,
3736,0,10927,
3737,0,10932,
3738,0,10933,0.75
3739,0,10934,
3740,0,10938,0.625
3741,0,10940,1.0
3742,0,10941,
3743,0,10943,1.0
3744,0,10947,1.0
3745,0,10950,1.0
3746,0,10952,0.0
3747,0,10954,
3748,0,10955,
3749,0,10957,0.6488095238095238
3750,0,10961,
3751,0,10963,
3752,0,10964,
3753,0,10965,
3754,0,10967,
3755,0,10972,
3756,0,10975,0.7685185185185185
3757,0,10976,0.7483443708609271
3758,0,10979,1.0
3759,0,10980,
3760,0,10984,1.0
3761,0,10988,
3762,0,10989,0.625
3763,0,10990,0.7777777777777779
3764,0,10992,0.9444444444444444
3765,0,10995,
3766,0,10998,
3767,0,11001,
3768,0,11004,0.8055555555555556
3769,0,11010,
3770,0,11012,1.0
3771,0,11015,
3772,0,11024,
3773,0,11028,0.7
3774,0,11029,1.0
3775,0,11037,
3776,0,11038,
3777,0,11045,0.33333333333333337
3778,0,11047,
3779,0,11049,
3780,0,11050,0.76
3781,0,11052,0.5263157894736843
3782,0,11053,
3783,0,11057,0.7576970443349754
3784,0,11063,0.8858695652173914
3785,0,11064,
3786,0,11065,
3787,0,11066,0.9015151515151515
3788,0,11067,
3789,0,11070,
3790,0,11071,1.0
3791,0,11074,0.75
3792,0,11081,0.637630662020906
3793,0,11091,0.5
3794,0,11094,
3795,0,11116,0.5222222222222223
3796,0,11117,
3797,0,11120,
3798,0,11129,
3799,0,11130,
3800,0,11138,
3801,0,11142,0.5227272727272727
3802,0,11144,
3803,0,11148,0.0
3804,0,11150,
3805,0,11152,
3806,0,11154,
3807,0,11160,
3808,0,11161,0.9
3809,0,11162,
3810,0,11163,
3811,0,11166,1.0
3812,0,11170,0.0
3813,0,11171,
3814,0,11174,0.47619047619047616
3815,0,11175,0.736842105263158
3816,0,11195,
3817,0,11204,1.0
3818,0,11205,0.38888888888888895
3819,0,11206,1.0
3820,0,11212,
3821,0,11213,
3822,0,11222,
3823,0,11224,
3824,0,11226,
3825,0,11230,
3826,0,11231,
3827,0,11234,
3828,0,11237,
3829,0,11241,
3830,0,11245,0.5
3831,0,11247,
3832,0,11250,
3833,0,11251,1.0
3834,0,11263,
3835,0,11271,
3836,0,11273,0.9166666666666667
3837,0,11274,0.5
3838,0,11275,0.8014354066985646
3839,0,11276,0.6666666666666667
3840,0,11278,
3841,0,11279,
3842,0,11280,1.0
3843,0,11286,
3844,0,11290,0.4411764705882353
3845,0,11291,
3846,0,11293,
3847,0,11294,
3848,0,11295,
3849,0,11296,0.5833333333333334
3850,0,11298,1.0
3851,0,11301,0.5625
3852,0,11302,1.0
3853,0,11304,0.0
3854,0,11309,
3855,0,11312,
3856,0,11315,1.0
3857,0,11317,
3858,0,11320,
3859,0,11325,1.0
3860,0,11329,
3861,0,11330,0.5
3862,0,11331,
3863,0,11332,0.8965517241379309
3864,0,11333,
3865,0,11337,0.0
3866,0,11339,
3867,0,11342,1.0
3868,0,11344,0.8095238095238095
3869,0,11346,
3870,0,11352,
3871,0,11353,0.775
3872,0,11354,
3873,0,11355,
3874,0,11358,
3875,0,11359,0.5
3876,0,11361,0.8
3877,0,11362,1.0
3878,0,11363,
3879,0,11368,0.42105263157894735
3880,0,11370,
3881,0,11372,1.0
3882,0,11375,
3883,0,11376,
3884,0,11377,0.783068783068783
3885,0,11380,0.09090909090909094
3886,0,11384,
3887,0,11388,
3888,0,11389,1.0
3889,0,11396,0.48809523809523814
3890,0,11397,0.9333333333333333
3891,0,11399,0.0
3892,0,11401,0.6153846153846154
3893,0,11402,
3894,0,11405,
3895,0,11406,0.8444444444444446
3896,0,11408,0.9880952380952381
3897,0,11409,0.7983333333333332
3898,0,11412,
3899,0,11419,
3900,0,11420,
3901,0,11421,
3902,0,11430,0.5
3903,0,11433,
3904,0,11441,0.0
3905,0,11442,
3906,0,11443,1.0
3907,0,11445,0.16666666666666663
3908,0,11448,
3909,0,11449,
3910,0,11455,0.4
3911,0,11457,
3912,0,11458,0.6346153846153846
3913,0,11459,
3914,0,11461,0.4791666666666667
3915,0,11462,1.0
3916,0,11465,1.0
3917,0,11472,
3918,0,11474,0.6041666666666667
3919,0,11485,1.0
3920,0,11489,
3921,0,11492,
3922,0,11493,
3923,0,11495,1.0
3924,0,11498,0.4444444444444444
3925,0,11499,
3926,0,11500,1.0
3927,0,11501,0.7966453556731335
3928,0,11504,0.75
3929,0,11508,
3930,0,11511,1.0
3931,0,11513,1.0
3932,0,11517,
3933,0,11522,0.9375
3934,0,11523,0.5333333333333333
3935,0,11528,0.6
3936,0,11530,
3937,0,11534,0.9411764705882353
3938,0,11543,
3939,0,11550,0.11111111111111116
3940,0,11552,
3941,0,11554,
3942,0,11558,0.9712643678160919
3943,0,11559,
3944,0,11560,0.75
3945,0,11561,1.0
3946,0,11567,
3947,0,11568,0.14285714285714285
3948,0,11569,
3949,0,11574,
3950,0,11577,
3951,0,11578,0.33333333333333337
3952,0,11580,
3953,0,11583,
3954,0,11585,1.0
3955,0,11586,
3956,0,11587,
3957,0,11588,0.5333333333333333
3958,0,11590,
3959,0,11591,
3960,0,11597,
3961,0,11598,
3962,0,11600,0.0
3963,0,11603,
3964,0,11604,
3965,0,11605,
3966,0,11606,
3967,0,11607,
3968,0,11608,0.75
3969,0,11609,
3970,0,11614,
3971,0,11616,
3972,0,11623,
3973,0,11624,
3974,0,11632,0.39824561403508774
3975,0,11637,0.9326310477512142
3976,0,11640,0.5
3977,0,11643,
3978,0,11644,0.6696428571428571
3979,0,11648,0.9595959595959597
3980,0,11657,
3981,0,11665,0.7
3982,0,11671,
3983,0,11673,1.0
3984,0,11677,0.875
3985,0,11678,0.8642857142857143
3986,0,11683,0.7241379310344829
3987,0,11687,0.625
3988,0,11689,0.4166666666666667
3989,0,11690,
3990,0,11691,0.16666666666666663
3991,0,11692,
3992,0,11695,1.0
3993,0,11697,
3994,0,11699,1.0
3995,0,11700,1.0
3996,0,11704,1.0
3997,0,11706,0.36363636363636365
3998,0,11716,
3999,0,11719,
4000,0,11725,0.0
4001,0,11727,
4002,0,11728,0.9
4003,0,11729,0.7
4004,0,11732,
4005,0,11733,0.6666666666666667
4006,0,11734,
4007,0,11736,0.7407407407407407
4008,0,11738,
4009,0,11739,
4010,0,11743,
4011,0,11744,
4012,0,11755,1.0
4013,0,11762,0.8
4014,0,11763,0.2857142857142857
4015,0,11767,0.8125
4016,0,11771,0.5909090909090909
4017,0,11774,
4018,0,11782,
4019,0,11783,0.0
4020,0,11786,
4021,0,11787,
4022,0,11790,
4023,0,11793,0.7
4024,0,11797,0.8957912692334471
4025,0,11809,0.7647058823529411
4026,0,11815,
4027,0,11817,
4028,0,11818,
4029,0,11821,
4030,0,11822,
4031,0,11825,0.0
4032,0,11827,0.93359375
4033,0,11832,
4034,0,11835,
4035,0,11837,
4036,0,11845,
4037,0,11846,
4038,0,11850,
4039,0,11857,
4040,0,11858,1.0
4041,0,11860,0.843411789429442
4042,0,11861,1.0
4043,0,11863,1.0
4044,0,11864,0.5784313725490196
4045,0,11865,0.5
4046,0,11866,
4047,0,11868,1.0
4048,0,11869,1.0
4049,0,11873,
4050,0,11874,
4051,0,11875,
4052,0,11878,
4053,0,11879,0.9066666666666666
4054,0,11881,
4055,0,11882,
4056,0,11884,0.19999999999999996
4057,0,11889,
4058,0,11890,0.95
4059,0,11891,
4060,0,11899,
4061,0,11904,
4062,0,11909,0.8469387755102041
4063,0,11910,0.71875
4064,0,11911,1.0
4065,0,11912,0.975
4066,0,11915,
4067,0,11916,
4068,0,11917,0.0
4069,0,11923,0.5266666666666666
4070,0,11928,
4071,0,11929,
4072,0,11931,
4073,0,11936,0.0
4074,0,11938,
4075,0,11940,
4076,0,11941,0.6923076923076923
4077,0,11947,
4078,0,11948,
4079,0,11949,
4080,0,11950,0.75
4081,0,11952,0.9285714285714285
4082,0,11963,0.5
4083,0,11964,1.0
4084,0,11967,1.0
4085,0,11968,0.75
4086,0,11969,
4087,0,11975,0.6
4088,0,11983,0.7230517792140256
4089,0,11989,
4090,0,11990,0.5
4091,0,11997,0.0
4092,0,12002,0.0
4093,0,12012,
4094,0,12013,
4095,0,12017,0.75
4096,0,12023,
4097,0,12024,
4098,0,12025,
4099,0,12037,
4100,0,12039,
4101,0,12042,
4102,0,12045,
4103,0,12047,
4104,0,12048,
4105,0,12051,0.6470588235294117
4106,0,12059,
4107,0,12060,
4108,0,12063,0.4
4109,0,12068,0.5
4110,0,12070,
4111,0,12073,
4112,0,12074,
4113,0,12077,
4114,0,12078,
4115,0,12079,
4116,0,12082,0.8333333333333334
4117,0,12084,
4118,0,12088,1.0
4119,0,12090,1.0
4120,0,12092,
4121,0,12093,
4122,0,12095,0.8
4123,0,12096,
4124,0,12098,0.9166666666666667
4125,0,12101,
4126,0,12104,
4127,0,12105,1.0
4128,0,12106,1.0
4129,0,12107,
4130,0,12108,
4131,0,12110,
4132,0,12113,0.8333333333333334
4133,0,12116,
4134,0,12126,0.0
4135,0,12130,1.0
4136,0,12136,
4137,0,12138,
4138,0,12140,0.6666666666666666
4139,0,12142,
4140,0,12145,0.5
4141,0,12151,
4142,0,12155,
4143,0,12157,
4144,0,12158,
4145,0,12160,1.0
4146,0,12164,
4147,0,12165,
4148,0,12171,
4149,0,12173,1.0
4150,0,12176,1.0
4151,0,12179,
4152,0,12181,
4153,0,12182,1.0
4154,0,12183,
4155,0,12185,
4156,0,12189,
4157,0,12190,1.0
4158,0,12193,
4159,0,12194,
4160,0,12196,
4161,0,12202,1.0
4162,0,12204,1.0
4163,0,12206,0.875
4164,0,12215,0.8529411764705882
4165,0,12221,
4166,0,12225,1.0
4167,0,12230,
4168,0,12235,
4169,0,12240,0.8602941176470588
4170,0,12242,0.9655172413793103
4171,0,12245,
4172,0,12246,
4173,0,12247,1.0
4174,0,12254,0.0
4175,0,12256,0.7258064516129032
4176,0,12260,
4177,0,12262,
4178,0,12263,1.0
4179,0,12264,
4180,0,12267,
4181,0,12274,0.375
4182,0,12275,
4183,0,12277,1.0
4184,0,12282,
4185,0,12283,0.8
4186,0,12286,0.6659873708381171
4187,0,12288,
4188,0,12290,0.8888888888888888
4189,0,12293,
4190,0,12297,
4191,0,12302,0.5454545454545454
4192,0,12306,
4193,0,12310,0.9523026315789473
4194,0,12314,0.29166666666666663
4195,0,12315,0.6888888888888889
4196,0,12316,
4197,0,12319,1.0
4198,0,12320,
4199,0,12326,0.0
4200,0,12327,0.59375
4201,0,12328,0.921875
4202,0,12329,
4203,0,12330,0.25
4204,0,12331,0.7715582302550329
4205,0,12332,1.0
4206,0,12333,
4207,0,12334,
4208,0,12340,1.0
4209,0,12341,0.7045454545454546
4210,0,12343,
4211,0,12344,
4212,0,12346,1.0
4213,0,12351,
4214,0,12352,0.5
4215,0,12357,
4216,0,12360,
4217,0,12363,0.5
4218,0,12366,0.8333333333333334
4219,0,12369,0.33333333333333337
4220,0,12376,0.6363636363636364
4221,0,12377,
4222,0,12379,
4223,0,12383,
4224,0,12385,
4225,0,12389,
4226,0,12391,
4227,0,12396,
4228,0,12397,1.0
4229,0,12398,
4230,0,12399,1.0
4231,0,12400,1.0
4232,0,12403,0.11111111111111116
4233,0,12411,1.0
4234,0,12412,0.8666666666666667
4235,0,12418,0.8139380530973451
4236,0,12420,0.9646381578947368
4237,0,12422,
4238,0,12425,
4239,0,12429,0.5988835725677831
4240,0,12432,0.09999999999999998
4241,0,12435,1.0
4242,0,12445,1.0
4243,0,12451,0.8888888888888888
4244,0,12454,0.7666666666666666
4245,0,12460,
4246,0,12461,
4247,0,12462,0.6917706790776391
4248,0,12463,
4249,0,12466,
4250,0,12473,
4251,0,12474,0.8509214245336348
4252,0,12475,
4253,0,12480,0.8484848484848485
4254,0,12482,
4255,0,12485,
4256,0,12489,1.0
4257,0,12491,0.625
4258,0,12492,
4259,0,12493,
4260,0,12498,0.33333333333333337
4261,0,12499,1.0
4262,0,12500,1.0
4263,0,12501,
4264,0,12503,
4265,0,12506,
4266,0,12507,
4267,0,12511,1.0
4268,0,12512,
4269,0,12513,1.0
4270,0,12516,
4271,0,12518,
4272,0,12520,
4273,0,12523,
4274,0,12528,
4275,0,12533,
4276,0,12540,0.5
4277,0,12544,0.2142857142857143
4278,0,12546,
4279,0,12554,1.0
4280,0,12555,
4281,0,12557,0.6875
4282,0,12570,
4283,0,12573,
4284,0,12577,1.0
4285,0,12578,1.0
4286,0,12579,0.8333333333333333
4287,0,12584,1.0
4288,0,12585,0.8333333333333334
4289,0,12586,
4290,0,12587,0.33333333333333337
4291,0,12589,
4292,0,12592,
4293,0,12603,
4294,0,12604,
4295,0,12608,
4296,0,12610,
4297,0,12612,
4298,0,12614,
4299,0,12624,0.4594594594594595
4300,0,12625,
4301,0,12626,
4302,0,12639,
4303,0,12647,1.0
4304,0,12648,
4305,0,12652,1.0
4306,0,12654,0.7146551724137931
4307,0,12656,
4308,0,12657,0.6428571428571428
4309,0,12658,0.25
4310,0,12659,
4311,0,12662,
4312,0,12668,
4313,0,12670,
4314,0,12671,
4315,0,12672,1.0
4316,0,12678,
4317,0,12679,0.625
4318,0,12680,
4319,0,12684,0.75
4320,0,12693,
4321,0,12694,
4322,0,12695,
4323,0,12696,
4324,0,12699,
4325,0,12702,1.0
4326,0,12712,
4327,0,12714,
4328,0,12721,
4329,0,12723,
4330,0,12726,0.7553418803418803
4331,0,12730,1.0
4332,0,12740,
4333,0,12742,
4334,0,12744,
4335,0,12747,0.46875
4336,0,12748,
4337,0,12750,0.8333333333333334
4338,0,12751,0.0625
4339,0,12754,1.0
4340,0,12756,
4341,0,12758,
4342,0,12760,
4343,0,12761,
4344,0,12762,
4345,0,12767,1.0
4346,0,12769,
4347,0,12772,
4348,0,12774,
4349,0,12775,
4350,0,12776,
4351,0,12777,
4352,0,12779,0.7333333333333334
4353,0,12780,0.76
4354,0,12781,
4355,0,12783,
4356,0,12785,1.0
4357,0,12788,
4358,0,12790,1.0
4359,0,12791,
4360,0,12796,
4361,0,12800,
4362,0,12803,0.6666666666666667
4363,0,12804,1.0
4364,0,12806,0.4444444444444444
4365,0,12808,0.5217391304347826
4366,0,12819,
4367,0,12822,
4368,0,12838,
4369,0,12841,
4370,0,12845,1.0
4371,0,12847,0.0
4372,0,12856,1.0
4373,0,12857,0.6
4374,0,12859,0.0
4375,0,12863,1.0
4376,0,12866,
4377,0,12869,
4378,0,12872,
4379,0,12873,0.9
4380,0,12876,
4381,0,12878,0.7857142857142857
4382,0,12880,1.0
4383,0,12886,
4384,0,12887,
4385,0,12891,
4386,0,12892,
4387,0,12903,
4388,0,12904,0.9
4389,0,12906,
4390,0,12907,0.6857777777777777
4391,0,12910,0.9696969696969696
4392,0,12916,0.5173501577287066
4393,0,12917,
4394,0,12921,
4395,0,12922,
4396,0,12923,0.6704545454545455
4397,0,12926,
4398,0,12927,
4399,0,12931,
4400,0,12934,
4401,0,12937,
4402,0,12939,
4403,0,12941,
4404,0,12949,0.16666666666666663
4405,0,12952,1.0
4406,0,12955,
4407,0,12957,
4408,0,12958,
4409,0,12962,0.5
4410,0,12966,
4411,0,12967,
4412,0,12968,1.0
4413,0,12969,
4414,0,12970,0.0
4415,0,12971,
4416,0,12974,0.975
4417,0,12977,0.9459459459459459
4418,0,12979,
4419,0,12980,0.9210526315789475
4420,0,12981,
4421,0,12983,
4422,0,12984,0.34782608695652173
4423,0,12992,0.9075396825396825
4424,0,12993,0.6754545454545453
4425,0,12995,0.8444444444444444
4426,0,12997,0.690462962962963
4427,0,13006,1.0
4428,0,13008,0.7906976744186046
4429,0,13011,
4430,0,13013,
4431,0,13014,1.0
4432,0,13016,
4433,0,13019,
4434,0,13023,1.0
4435,0,13026,0.41666666666666663
4436,0,13027,0.5777777777777777
4437,0,13029,
4438,0,13030,
4439,0,13031,
4440,0,13033,
4441,0,13034,
4442,0,13039,0.2142857142857143
4443,0,13042,0.8073286052009456
4444,0,13044,
4445,0,13045,1.0
4446,0,13047,
4447,0,13049,0.75
4448,0,13054,0.3333333333333333
4449,0,13055,
4450,0,13058,
4451,0,13062,1.0
4452,0,13063,0.7
4453,0,13064,
4454,0,13072,1.0
4455,0,13073,
4456,0,13076,0.8181818181818181
4457,0,13081,
4458,0,13084,
4459,0,13093,
4460,0,13097,0.888888888888889
4461,0,13100,
4462,0,13101,0.14999999999999997
4463,0,13103,
4464,0,13104,
4465,0,13105,
4466,0,13106,
4467,0,13108,
4468,0,13111,
4469,0,13112,1.0
4470,0,13114,
4471,0,13118,
4472,0,13120,
4473,0,13121,
4474,0,13123,
4475,0,13124,0.23529411764705888
4476,0,13127,0.8809523809523809
4477,0,13136,
4478,0,13138,
4479,0,13144,
4480,0,13146,
4481,0,13147,0.625
4482,0,13150,1.0
4483,0,13151,
4484,0,13154,
4485,0,13155,
4486,0,13156,
4487,0,13157,1.0
4488,0,13165,0.5140733623466908
4489,0,13167,
4490,0,13169,0.0
4491,0,13170,
4492,0,13171,
4493,0,13174,0.4666666666666666
4494,0,13175,
4495,0,13176,
4496,0,13180,0.0
4497,0,13182,
4498,0,13184,1.0
4499,0,13186,
4500,0,13187,
4501,0,13188,
4502,0,13191,
4503,0,13193,
4504,0,13196,
4505,0,13197,
4506,0,13198,
4507,0,13199,0.0
4508,0,13200,
4509,0,13201,
4510,0,13204,
4511,0,13206,1.0
4512,0,13209,
4513,0,13219,0.0
4514,0,13220,
4515,0,13221,1.0
4516,0,13226,
4517,0,13232,
4518,0,13233,
4519,0,13235,0.5
4520,0,13237,1.0
4521,0,13239,
4522,0,13242,0.7000000000000001
4523,0,13248,
4524,0,13250,0.7626262626262627
4525,0,13251,1.0
4526,0,13253,0.8421052631578947
4527,0,13255,
4528,0,13258,
4529,0,13265,
4530,0,13266,
4531,0,13268,
4532,0,13270,1.0
4533,0,13272,
4534,0,13273,0.41860465116279066
4535,0,13287,
4536,0,13290,
4537,0,13295,0.6258518855065879
4538,0,13299,0.5
4539,0,13303,
4540,0,13304,
4541,0,13315,
4542,0,13319,0.0
4543,0,13326,
4544,0,13329,
4545,0,13332,
4546,0,13337,
4547,0,13345,
4548,0,13349,
4549,0,13351,
4550,0,13353,
4551,0,13356,
4552,0,13362,0.7222222222222222
4553,0,13363,
4554,0,13369,0.9230769230769231
4555,0,13370,
4556,0,13372,
4557,0,13373,
4558,0,13374,0.75
4559,0,13379,0.3846153846153846
4560,0,13381,1.0
4561,0,13383,0.23076923076923073
4562,0,13384,
4563,0,13389,0.78125
4564,0,13395,1.0
4565,0,13397,1.0
4566,0,13398,0.6796836381611469
4567,0,13399,1.0
4568,0,13402,0.6
4569,0,13404,
4570,0,13405,0.9076923076923076
4571,0,13406,
4572,0,13407,
4573,0,13408,1.0
4574,0,13414,0.86875
4575,0,13415,
4576,0,13418,
4577,0,13419,
4578,0,13421,
4579,0,13423,0.8879892037786774
4580,0,13425,0.5342465753424658
4581,0,13426,
4582,0,13428,
4583,0,13430,
4584,0,13433,
4585,0,13434,0.4
4586,0,13438,
4587,0,13446,0.15000000000000002
4588,0,13449,
4589,0,13453,1.0
4590,0,13457,
4591,0,13460,0.0
4592,0,13461,0.8777777777777778
4593,0,13462,
4594,0,13463,
4595,0,13465,
4596,0,13467,
4597,0,13471,
4598,0,13476,0.5
4599,0,13478,
4600,0,13479,0.875
4601,0,13481,1.0
4602,0,13482,0.4
4603,0,13485,
4604,0,13489,0.35
4605,0,13492,0.0
4606,0,13493,1.0
4607,0,13500,
4608,0,13501,0.45
4609,0,13505,
4610,0,13507,1.0
4611,0,13508,1.0
4612,0,13509,
4613,0,13512,0.5
4614,0,13517,0.5769230769230769
4615,0,13519,1.0
4616,0,13522,
4617,0,13526,
4618,0,13531,
4619,0,13532,
4620,0,13537,1.0
4621,0,13543,0.4495986779981115
4622,0,13544,0.19999999999999996
4623,0,13545,
4624,0,13551,1.0
4625,0,13552,
4626,0,13558,0.9555555555555555
4627,0,13559,1.0
4628,0,13560,0.4
4629,0,13565,
4630,0,13566,
4631,0,13567,
4632,0,13568,
4633,0,13571,0.7738095238095238
4634,0,13574,1.0
4635,0,13576,
4636,0,13578,0.8629032258064516
4637,0,13580,
4638,0,13582,
4639,0,13588,
4640,0,13591,0.8780487804878048
4641,0,13595,
4642,0,13603,
4643,0,13604,
4644,0,13607,0.6666666666666666
4645,0,13609,
4646,0,13615,
4647,0,13618,
4648,0,13619,0.75
4649,0,13620,1.0
4650,0,13622,
4651,0,13623,0.9605263157894737
4652,0,13625,
4653,0,13629,
4654,0,13632,
4655,0,13634,
4656,0,13642,
4657,0,13646,0.8333333333333334
4658,0,13652,1.0
4659,0,13656,
4660,0,13657,
4661,0,13659,
4662,0,13667,
4663,0,13673,
4664,0,13680,0.30000000000000004
4665,0,13681,
4666,0,13682,
4667,0,13684,0.8
4668,0,13685,
4669,0,13686,0.5
4670,0,13689,1.0
4671,0,13693,
4672,0,13694,
4673,0,13698,
4674,0,13705,
4675,0,13706,
4676,0,13710,1.0
4677,0,13712,
4678,0,13713,
4679,0,13720,0.6666666666666667
4680,0,13730,0.5961538461538461
4681,0,13734,
4682,0,13736,
4683,0,13737,
4684,0,13741,
4685,0,13742,
4686,0,13744,
4687,0,13747,0.0
4688,0,13750,
4689,0,13756,
4690,0,13760,
4691,0,13761,1.0
4692,0,13775,0.375
4693,0,13776,
4694,0,13784,
4695,0,13787,
4696,0,13795,
4697,0,13796,
4698,0,13809,
4699,0,13810,
4700,0,13811,
4701,0,13816,1.0
4702,0,13818,0.9010695187165776
4703,0,13825,0.8947368421052632
4704,0,13828,
4705,0,13830,0.6090042372881357
4706,0,13832,0.5
4707,0,13838,
4708,0,13841,
4709,0,13845,0.7142857142857143
4710,0,13847,
4711,0,13848,0.7619047619047619
4712,0,13852,
4713,0,13855,
4714,0,13857,0.8950617283950617
4715,0,13859,
4716,0,13860,
4717,0,13864,
4718,0,13865,
4719,0,13867,
4720,0,13869,
4721,0,13871,
4722,0,13872,0.6666666666666667
4723,0,13883,1.0
4724,0,13884,1.0
4725,0,13885,1.0
4726,0,13886,1.0
4727,0,13887,
4728,0,13892,
4729,0,13894,0.625
4730,0,13896,1.0
4731,0,13897,0.33333333333333337
4732,0,13898,
4733,0,13904,1.0
4734,0,13905,0.2857142857142857
4735,0,13906,
4736,0,13908,1.0
4737,0,13909,
4738,0,13910,
4739,0,13912,
4740,0,13916,0.6666666666666667
4741,0,13917,
4742,0,13920,
4743,0,13929,0.8486241288151887
4744,0,13934,
4745,0,13935,
4746,0,13939,
4747,0,13941,1.0
4748,0,13943,
4749,0,13944,
4750,0,13945,
4751,0,13948,
4752,0,13949,
4753,0,13953,
4754,0,13959,1.0
4755,0,13960,0.75
4756,0,13964,
4757,0,13965,
4758,0,13975,
4759,0,13978,0.875
4760,0,13981,0.782608695652174
4761,0,13992,0.5
4762,0,13994,
4763,0,13999,
4764,0,14000,0.21538461538461534
4765,0,14001,
4766,0,14002,
4767,0,14011,
4768,0,14012,
4769,0,14016,
4770,0,14017,0.7333333333333333
4771,0,14021,
4772,0,14023,
4773,0,14028,0.33333333333333337
4774,0,14033,0.8765898251192368
4775,0,14035,
4776,0,14038,
4777,0,14039,0.6904761904761905
4778,0,14043,
4779,0,14045,0.33333333333333337
